jour;nb_total
25/03/2007;28
26/03/2007;28
27/03/2007;28
28/03/2007;28
29/03/2007;28
30/03/2007;28
31/03/2007;28
01/04/2007;28
02/04/2007;28
03/04/2007;28
04/04/2007;28
05/04/2007;28
06/04/2007;28
07/04/2007;28
08/04/2007;28
09/04/2007;28
10/04/2007;28
11/04/2007;28
12/04/2007;28
13/04/2007;28
14/04/2007;28
15/04/2007;28
16/04/2007;28
17/04/2007;28
18/04/2007;28
19/04/2007;28
20/04/2007;29
21/04/2007;29
22/04/2007;29
23/04/2007;29
24/04/2007;29
25/04/2007;29
26/04/2007;29
27/04/2007;29
28/04/2007;29
29/04/2007;29
30/04/2007;29
01/05/2007;30
02/05/2007;30
03/05/2007;30
04/05/2007;30
05/05/2007;30
06/05/2007;30
07/05/2007;30
08/05/2007;30
09/05/2007;30
10/05/2007;30
11/05/2007;30
12/05/2007;30
13/05/2007;30
14/05/2007;30
15/05/2007;30
16/05/2007;30
17/05/2007;30
18/05/2007;30
19/05/2007;30
20/05/2007;30
21/05/2007;31
22/05/2007;31
23/05/2007;31
24/05/2007;31
25/05/2007;31
26/05/2007;31
27/05/2007;31
28/05/2007;31
29/05/2007;31
30/05/2007;31
31/05/2007;31
01/06/2007;31
02/06/2007;31
03/06/2007;31
04/06/2007;32
05/06/2007;32
06/06/2007;32
07/06/2007;32
08/06/2007;32
09/06/2007;32
10/06/2007;32
11/06/2007;32
12/06/2007;32
13/06/2007;32
14/06/2007;34
15/06/2007;34
16/06/2007;34
17/06/2007;34
18/06/2007;34
19/06/2007;34
20/06/2007;34
21/06/2007;34
22/06/2007;35
23/06/2007;35
24/06/2007;35
25/06/2007;35
26/06/2007;35
27/06/2007;35
28/06/2007;35
29/06/2007;35
30/06/2007;35
01/07/2007;35
02/07/2007;35
03/07/2007;35
04/07/2007;35
05/07/2007;35
06/07/2007;35
07/07/2007;35
08/07/2007;35
09/07/2007;35
10/07/2007;35
11/07/2007;35
12/07/2007;35
13/07/2007;35
14/07/2007;35
15/07/2007;35
16/07/2007;35
17/07/2007;35
18/07/2007;35
19/07/2007;35
20/07/2007;35
21/07/2007;35
22/07/2007;35
23/07/2007;35
24/07/2007;35
25/07/2007;35
26/07/2007;35
27/07/2007;35
28/07/2007;35
29/07/2007;35
30/07/2007;35
31/07/2007;35
01/08/2007;35
02/08/2007;35
03/08/2007;35
04/08/2007;35
05/08/2007;35
06/08/2007;35
07/08/2007;35
08/08/2007;35
09/08/2007;35
10/08/2007;35
11/08/2007;35
12/08/2007;35
13/08/2007;35
14/08/2007;35
15/08/2007;35
16/08/2007;35
17/08/2007;35
18/08/2007;35
19/08/2007;35
20/08/2007;35
21/08/2007;35
22/08/2007;35
23/08/2007;35
24/08/2007;35
25/08/2007;35
26/08/2007;35
27/08/2007;35
28/08/2007;35
29/08/2007;35
30/08/2007;35
31/08/2007;35
01/09/2007;35
02/09/2007;35
03/09/2007;35
04/09/2007;35
05/09/2007;35
06/09/2007;35
07/09/2007;35
08/09/2007;35
09/09/2007;35
10/09/2007;35
11/09/2007;35
12/09/2007;35
13/09/2007;35
14/09/2007;35
15/09/2007;35
16/09/2007;35
17/09/2007;35
18/09/2007;35
19/09/2007;35
20/09/2007;36
21/09/2007;36
22/09/2007;36
23/09/2007;36
24/09/2007;36
25/09/2007;36
26/09/2007;36
27/09/2007;36
28/09/2007;37
29/09/2007;37
30/09/2007;37
01/10/2007;37
02/10/2007;37
03/10/2007;37
04/10/2007;37
05/10/2007;37
06/10/2007;37
07/10/2007;38
08/10/2007;38
09/10/2007;38
10/10/2007;38
11/10/2007;38
12/10/2007;38
13/10/2007;38
14/10/2007;38
15/10/2007;38
16/10/2007;38
17/10/2007;38
18/10/2007;38
19/10/2007;38
20/10/2007;38
21/10/2007;38
22/10/2007;38
23/10/2007;38
24/10/2007;38
25/10/2007;38
26/10/2007;38
27/10/2007;38
28/10/2007;38
29/10/2007;38
30/10/2007;38
31/10/2007;38
01/11/2007;38
02/11/2007;38
03/11/2007;38
04/11/2007;38
05/11/2007;38
06/11/2007;38
07/11/2007;38
08/11/2007;38
09/11/2007;38
10/11/2007;38
11/11/2007;38
12/11/2007;38
13/11/2007;38
14/11/2007;38
15/11/2007;41
16/11/2007;41
17/11/2007;41
18/11/2007;41
19/11/2007;41
20/11/2007;43
21/11/2007;43
22/11/2007;43
23/11/2007;43
24/11/2007;43
25/11/2007;43
26/11/2007;44
27/11/2007;44
28/11/2007;44
29/11/2007;44
30/11/2007;46
01/12/2007;48
02/12/2007;48
03/12/2007;48
04/12/2007;48
05/12/2007;48
06/12/2007;48
07/12/2007;48
08/12/2007;48
09/12/2007;48
10/12/2007;48
11/12/2007;48
12/12/2007;48
13/12/2007;48
14/12/2007;48
15/12/2007;48
16/12/2007;48
17/12/2007;48
18/12/2007;48
19/12/2007;48
20/12/2007;48
21/12/2007;48
22/12/2007;48
23/12/2007;48
24/12/2007;48
25/12/2007;48
26/12/2007;48
27/12/2007;48
28/12/2007;48
29/12/2007;48
30/12/2007;48
31/12/2007;48
01/01/2008;49
02/01/2008;49
03/01/2008;49
04/01/2008;49
05/01/2008;49
06/01/2008;49
07/01/2008;49
08/01/2008;49
09/01/2008;49
10/01/2008;49
11/01/2008;49
12/01/2008;49
13/01/2008;49
14/01/2008;49
15/01/2008;49
16/01/2008;49
17/01/2008;49
18/01/2008;49
19/01/2008;49
20/01/2008;49
21/01/2008;49
22/01/2008;49
23/01/2008;49
24/01/2008;49
25/01/2008;49
26/01/2008;49
27/01/2008;49
28/01/2008;49
29/01/2008;50
30/01/2008;50
31/01/2008;50
01/02/2008;50
02/02/2008;50
03/02/2008;50
04/02/2008;50
05/02/2008;50
06/02/2008;50
07/02/2008;50
08/02/2008;50
09/02/2008;50
10/02/2008;50
11/02/2008;50
12/02/2008;50
13/02/2008;50
14/02/2008;50
15/02/2008;50
16/02/2008;50
17/02/2008;50
18/02/2008;50
19/02/2008;50
20/02/2008;50
21/02/2008;51
22/02/2008;51
23/02/2008;51
24/02/2008;51
25/02/2008;51
26/02/2008;51
27/02/2008;51
28/02/2008;51
29/02/2008;51
01/03/2008;51
02/03/2008;51
03/03/2008;51
04/03/2008;51
05/03/2008;51
06/03/2008;51
07/03/2008;51
08/03/2008;51
09/03/2008;51
10/03/2008;51
11/03/2008;51
12/03/2008;51
13/03/2008;51
14/03/2008;51
15/03/2008;51
16/03/2008;51
17/03/2008;51
18/03/2008;51
19/03/2008;51
20/03/2008;52
21/03/2008;52
22/03/2008;52
23/03/2008;52
24/03/2008;52
25/03/2008;52
26/03/2008;52
27/03/2008;52
28/03/2008;52
29/03/2008;52
30/03/2008;52
31/03/2008;53
01/04/2008;53
02/04/2008;53
03/04/2008;53
04/04/2008;53
05/04/2008;53
06/04/2008;53
07/04/2008;53
08/04/2008;53
09/04/2008;53
10/04/2008;53
11/04/2008;53
12/04/2008;53
13/04/2008;53
14/04/2008;53
15/04/2008;53
16/04/2008;53
17/04/2008;53
18/04/2008;53
19/04/2008;54
20/04/2008;54
21/04/2008;54
22/04/2008;54
23/04/2008;54
24/04/2008;55
25/04/2008;55
26/04/2008;55
27/04/2008;55
28/04/2008;55
29/04/2008;55
30/04/2008;55
01/05/2008;55
02/05/2008;55
03/05/2008;55
04/05/2008;55
05/05/2008;55
06/05/2008;55
07/05/2008;55
08/05/2008;55
09/05/2008;55
10/05/2008;55
11/05/2008;55
12/05/2008;55
13/05/2008;55
14/05/2008;55
15/05/2008;55
16/05/2008;55
17/05/2008;55
18/05/2008;55
19/05/2008;55
20/05/2008;55
21/05/2008;55
22/05/2008;55
23/05/2008;55
24/05/2008;55
25/05/2008;56
26/05/2008;57
27/05/2008;57
28/05/2008;57
29/05/2008;57
30/05/2008;58
31/05/2008;59
01/06/2008;60
02/06/2008;60
03/06/2008;60
04/06/2008;60
05/06/2008;60
06/06/2008;60
07/06/2008;60
08/06/2008;60
09/06/2008;60
10/06/2008;60
11/06/2008;60
12/06/2008;60
13/06/2008;60
14/06/2008;60
15/06/2008;60
16/06/2008;60
17/06/2008;60
18/06/2008;61
19/06/2008;61
20/06/2008;61
21/06/2008;61
22/06/2008;61
23/06/2008;61
24/06/2008;61
25/06/2008;61
26/06/2008;61
27/06/2008;61
28/06/2008;61
29/06/2008;61
30/06/2008;61
01/07/2008;61
02/07/2008;61
03/07/2008;61
04/07/2008;61
05/07/2008;61
06/07/2008;61
07/07/2008;61
08/07/2008;61
09/07/2008;61
10/07/2008;61
11/07/2008;61
12/07/2008;61
13/07/2008;61
14/07/2008;61
15/07/2008;61
16/07/2008;61
17/07/2008;61
18/07/2008;61
19/07/2008;61
20/07/2008;61
21/07/2008;61
22/07/2008;61
23/07/2008;61
24/07/2008;61
25/07/2008;62
26/07/2008;62
27/07/2008;62
28/07/2008;62
29/07/2008;62
30/07/2008;62
31/07/2008;62
01/08/2008;62
02/08/2008;62
03/08/2008;62
04/08/2008;62
05/08/2008;62
06/08/2008;62
07/08/2008;62
08/08/2008;62
09/08/2008;62
10/08/2008;62
11/08/2008;62
12/08/2008;62
13/08/2008;62
14/08/2008;62
15/08/2008;62
16/08/2008;62
17/08/2008;62
18/08/2008;62
19/08/2008;62
20/08/2008;62
21/08/2008;62
22/08/2008;62
23/08/2008;62
24/08/2008;62
25/08/2008;62
26/08/2008;62
27/08/2008;62
28/08/2008;62
29/08/2008;62
30/08/2008;62
31/08/2008;62
01/09/2008;62
02/09/2008;62
03/09/2008;62
04/09/2008;62
05/09/2008;62
06/09/2008;62
07/09/2008;62
08/09/2008;62
09/09/2008;62
10/09/2008;62
11/09/2008;62
12/09/2008;62
13/09/2008;62
14/09/2008;62
15/09/2008;62
16/09/2008;62
17/09/2008;62
18/09/2008;62
19/09/2008;62
20/09/2008;62
21/09/2008;62
22/09/2008;62
23/09/2008;62
24/09/2008;62
25/09/2008;62
26/09/2008;62
27/09/2008;62
28/09/2008;62
29/09/2008;62
30/09/2008;62
01/10/2008;62
02/10/2008;62
03/10/2008;62
04/10/2008;62
05/10/2008;62
06/10/2008;62
07/10/2008;62
08/10/2008;62
09/10/2008;62
10/10/2008;62
11/10/2008;62
12/10/2008;62
13/10/2008;62
14/10/2008;62
15/10/2008;62
16/10/2008;62
17/10/2008;62
18/10/2008;62
19/10/2008;62
20/10/2008;62
21/10/2008;62
22/10/2008;62
23/10/2008;62
24/10/2008;62
25/10/2008;62
26/10/2008;62
27/10/2008;62
28/10/2008;62
29/10/2008;62
30/10/2008;62
31/10/2008;62
01/11/2008;63
02/11/2008;63
03/11/2008;63
04/11/2008;63
05/11/2008;63
06/11/2008;63
07/11/2008;63
08/11/2008;63
09/11/2008;63
10/11/2008;63
11/11/2008;63
12/11/2008;63
13/11/2008;63
14/11/2008;63
15/11/2008;63
16/11/2008;63
17/11/2008;63
18/11/2008;63
19/11/2008;63
20/11/2008;63
21/11/2008;63
22/11/2008;63
23/11/2008;63
24/11/2008;63
25/11/2008;63
26/11/2008;63
27/11/2008;63
28/11/2008;63
29/11/2008;63
30/11/2008;63
01/12/2008;64
02/12/2008;64
03/12/2008;64
04/12/2008;64
05/12/2008;64
06/12/2008;64
07/12/2008;64
08/12/2008;64
09/12/2008;64
10/12/2008;64
11/12/2008;64
12/12/2008;64
13/12/2008;64
14/12/2008;64
15/12/2008;64
16/12/2008;64
17/12/2008;64
18/12/2008;64
19/12/2008;64
20/12/2008;64
21/12/2008;64
22/12/2008;64
23/12/2008;64
24/12/2008;64
25/12/2008;64
26/12/2008;64
27/12/2008;64
28/12/2008;64
29/12/2008;64
30/12/2008;64
31/12/2008;64
01/01/2009;65
02/01/2009;65
03/01/2009;65
04/01/2009;65
05/01/2009;65
06/01/2009;65
07/01/2009;65
08/01/2009;65
09/01/2009;65
10/01/2009;65
11/01/2009;65
12/01/2009;65
13/01/2009;65
14/01/2009;65
15/01/2009;65
16/01/2009;65
17/01/2009;65
18/01/2009;65
19/01/2009;65
20/01/2009;65
21/01/2009;65
22/01/2009;65
23/01/2009;65
24/01/2009;65
25/01/2009;65
26/01/2009;65
27/01/2009;65
28/01/2009;65
29/01/2009;65
30/01/2009;65
31/01/2009;65
01/02/2009;65
02/02/2009;66
03/02/2009;66
04/02/2009;66
05/02/2009;66
06/02/2009;66
07/02/2009;66
08/02/2009;66
09/02/2009;66
10/02/2009;66
11/02/2009;66
12/02/2009;66
13/02/2009;66
14/02/2009;66
15/02/2009;66
16/02/2009;66
17/02/2009;66
18/02/2009;66
19/02/2009;66
20/02/2009;66
21/02/2009;66
22/02/2009;66
23/02/2009;66
24/02/2009;66
25/02/2009;66
26/02/2009;66
27/02/2009;66
28/02/2009;66
01/03/2009;66
02/03/2009;66
03/03/2009;66
04/03/2009;66
05/03/2009;66
06/03/2009;66
07/03/2009;66
08/03/2009;66
09/03/2009;66
10/03/2009;66
11/03/2009;66
12/03/2009;66
13/03/2009;66
14/03/2009;66
15/03/2009;66
16/03/2009;66
17/03/2009;66
18/03/2009;66
19/03/2009;66
20/03/2009;66
21/03/2009;66
22/03/2009;66
23/03/2009;66
24/03/2009;66
25/03/2009;66
26/03/2009;66
27/03/2009;66
28/03/2009;66
29/03/2009;66
30/03/2009;68
31/03/2009;68
01/04/2009;68
02/04/2009;68
03/04/2009;68
04/04/2009;68
05/04/2009;68
06/04/2009;68
07/04/2009;68
08/04/2009;68
09/04/2009;68
10/04/2009;68
11/04/2009;68
12/04/2009;68
13/04/2009;68
14/04/2009;68
15/04/2009;68
16/04/2009;68
17/04/2009;68
18/04/2009;68
19/04/2009;68
20/04/2009;68
21/04/2009;68
22/04/2009;68
23/04/2009;68
24/04/2009;68
25/04/2009;68
26/04/2009;68
27/04/2009;68
28/04/2009;68
29/04/2009;68
30/04/2009;68
01/05/2009;68
02/05/2009;68
03/05/2009;68
04/05/2009;68
05/05/2009;68
06/05/2009;68
07/05/2009;68
08/05/2009;68
09/05/2009;68
10/05/2009;68
11/05/2009;68
12/05/2009;68
13/05/2009;68
14/05/2009;68
15/05/2009;68
16/05/2009;68
17/05/2009;68
18/05/2009;68
19/05/2009;68
20/05/2009;68
21/05/2009;68
22/05/2009;68
23/05/2009;68
24/05/2009;68
25/05/2009;68
26/05/2009;68
27/05/2009;68
28/05/2009;68
29/05/2009;68
30/05/2009;68
31/05/2009;68
01/06/2009;69
02/06/2009;69
03/06/2009;69
04/06/2009;69
05/06/2009;70
06/06/2009;70
07/06/2009;70
08/06/2009;70
09/06/2009;70
10/06/2009;70
11/06/2009;71
12/06/2009;72
13/06/2009;72
14/06/2009;72
15/06/2009;72
16/06/2009;72
17/06/2009;72
18/06/2009;72
19/06/2009;72
20/06/2009;72
21/06/2009;72
22/06/2009;72
23/06/2009;72
24/06/2009;72
25/06/2009;72
26/06/2009;72
27/06/2009;72
28/06/2009;72
29/06/2009;72
30/06/2009;72
01/07/2009;72
02/07/2009;72
03/07/2009;72
04/07/2009;72
05/07/2009;72
06/07/2009;73
07/07/2009;73
08/07/2009;73
09/07/2009;73
10/07/2009;73
11/07/2009;73
12/07/2009;73
13/07/2009;73
14/07/2009;73
15/07/2009;73
16/07/2009;73
17/07/2009;73
18/07/2009;73
19/07/2009;73
20/07/2009;75
21/07/2009;75
22/07/2009;75
23/07/2009;75
24/07/2009;75
25/07/2009;75
26/07/2009;75
27/07/2009;75
28/07/2009;75
29/07/2009;75
30/07/2009;75
31/07/2009;75
01/08/2009;75
02/08/2009;75
03/08/2009;75
04/08/2009;75
05/08/2009;75
06/08/2009;75
07/08/2009;75
08/08/2009;75
09/08/2009;76
10/08/2009;76
11/08/2009;76
12/08/2009;76
13/08/2009;76
14/08/2009;76
15/08/2009;76
16/08/2009;76
17/08/2009;76
18/08/2009;76
19/08/2009;76
20/08/2009;76
21/08/2009;76
22/08/2009;76
23/08/2009;76
24/08/2009;76
25/08/2009;76
26/08/2009;76
27/08/2009;76
28/08/2009;76
29/08/2009;76
30/08/2009;76
31/08/2009;76
01/09/2009;76
02/09/2009;76
03/09/2009;76
04/09/2009;76
05/09/2009;76
06/09/2009;76
07/09/2009;76
08/09/2009;76
09/09/2009;76
10/09/2009;76
11/09/2009;76
12/09/2009;76
13/09/2009;76
14/09/2009;76
15/09/2009;76
16/09/2009;76
17/09/2009;76
18/09/2009;76
19/09/2009;76
20/09/2009;76
21/09/2009;76
22/09/2009;76
23/09/2009;76
24/09/2009;76
25/09/2009;76
26/09/2009;76
27/09/2009;76
28/09/2009;76
29/09/2009;76
30/09/2009;76
01/10/2009;76
02/10/2009;76
03/10/2009;76
04/10/2009;76
05/10/2009;76
06/10/2009;76
07/10/2009;76
08/10/2009;76
09/10/2009;76
10/10/2009;76
11/10/2009;76
12/10/2009;76
13/10/2009;76
14/10/2009;76
15/10/2009;76
16/10/2009;76
17/10/2009;76
18/10/2009;76
19/10/2009;76
20/10/2009;76
21/10/2009;76
22/10/2009;76
23/10/2009;76
24/10/2009;76
25/10/2009;76
26/10/2009;76
27/10/2009;76
28/10/2009;76
29/10/2009;76
30/10/2009;76
31/10/2009;76
01/11/2009;76
02/11/2009;76
03/11/2009;76
04/11/2009;76
05/11/2009;76
06/11/2009;76
07/11/2009;76
08/11/2009;76
09/11/2009;76
10/11/2009;76
11/11/2009;76
12/11/2009;76
13/11/2009;76
14/11/2009;76
15/11/2009;76
16/11/2009;76
17/11/2009;76
18/11/2009;76
19/11/2009;76
20/11/2009;76
21/11/2009;76
22/11/2009;76
23/11/2009;76
24/11/2009;76
25/11/2009;76
26/11/2009;76
27/11/2009;76
28/11/2009;76
29/11/2009;76
30/11/2009;76
01/12/2009;78
02/12/2009;78
03/12/2009;78
04/12/2009;78
05/12/2009;78
06/12/2009;78
07/12/2009;78
08/12/2009;78
09/12/2009;78
10/12/2009;78
11/12/2009;78
12/12/2009;78
13/12/2009;78
14/12/2009;78
15/12/2009;78
16/12/2009;78
17/12/2009;78
18/12/2009;78
19/12/2009;78
20/12/2009;78
21/12/2009;78
22/12/2009;79
23/12/2009;79
24/12/2009;79
25/12/2009;79
26/12/2009;79
27/12/2009;81
28/12/2009;81
29/12/2009;81
30/12/2009;81
31/12/2009;81
01/01/2010;83
02/01/2010;83
03/01/2010;83
04/01/2010;83
05/01/2010;83
06/01/2010;83
07/01/2010;83
08/01/2010;83
09/01/2010;83
10/01/2010;83
11/01/2010;84
12/01/2010;84
13/01/2010;84
14/01/2010;84
15/01/2010;84
16/01/2010;85
17/01/2010;85
18/01/2010;85
19/01/2010;85
20/01/2010;85
21/01/2010;85
22/01/2010;85
23/01/2010;86
24/01/2010;86
25/01/2010;86
26/01/2010;86
27/01/2010;86
28/01/2010;86
29/01/2010;87
30/01/2010;87
31/01/2010;87
01/02/2010;87
02/02/2010;87
03/02/2010;88
04/02/2010;89
05/02/2010;89
06/02/2010;89
07/02/2010;89
08/02/2010;89
09/02/2010;89
10/02/2010;89
11/02/2010;89
12/02/2010;89
13/02/2010;92
14/02/2010;92
15/02/2010;92
16/02/2010;92
17/02/2010;92
18/02/2010;92
19/02/2010;92
20/02/2010;92
21/02/2010;92
22/02/2010;92
23/02/2010;92
24/02/2010;92
25/02/2010;92
26/02/2010;92
27/02/2010;92
28/02/2010;92
01/03/2010;92
02/03/2010;92
03/03/2010;92
04/03/2010;92
05/03/2010;92
06/03/2010;92
07/03/2010;92
08/03/2010;92
09/03/2010;92
10/03/2010;92
11/03/2010;92
12/03/2010;92
13/03/2010;92
14/03/2010;92
15/03/2010;92
16/03/2010;92
17/03/2010;92
18/03/2010;92
19/03/2010;92
20/03/2010;92
21/03/2010;92
22/03/2010;92
23/03/2010;93
24/03/2010;93
25/03/2010;93
26/03/2010;93
27/03/2010;93
28/03/2010;93
29/03/2010;93
30/03/2010;93
31/03/2010;93
01/04/2010;93
02/04/2010;93
03/04/2010;93
04/04/2010;93
05/04/2010;93
06/04/2010;93
07/04/2010;93
08/04/2010;93
09/04/2010;93
10/04/2010;93
11/04/2010;96
12/04/2010;96
13/04/2010;98
14/04/2010;98
15/04/2010;102
16/04/2010;102
17/04/2010;103
18/04/2010;103
19/04/2010;103
20/04/2010;103
21/04/2010;103
22/04/2010;105
23/04/2010;105
24/04/2010;106
25/04/2010;106
26/04/2010;106
27/04/2010;106
28/04/2010;106
29/04/2010;106
30/04/2010;106
01/05/2010;107
02/05/2010;107
03/05/2010;108
04/05/2010;108
05/05/2010;108
06/05/2010;108
07/05/2010;108
08/05/2010;108
09/05/2010;108
10/05/2010;109
11/05/2010;109
12/05/2010;109
13/05/2010;109
14/05/2010;109
15/05/2010;109
16/05/2010;109
17/05/2010;109
18/05/2010;113
19/05/2010;114
20/05/2010;117
21/05/2010;117
22/05/2010;117
23/05/2010;117
24/05/2010;117
25/05/2010;117
26/05/2010;117
27/05/2010;120
28/05/2010;125
29/05/2010;125
30/05/2010;125
31/05/2010;126
01/06/2010;126
02/06/2010;127
03/06/2010;130
04/06/2010;134
05/06/2010;134
06/06/2010;134
07/06/2010;134
08/06/2010;134
09/06/2010;134
10/06/2010;136
11/06/2010;139
12/06/2010;139
13/06/2010;139
14/06/2010;139
15/06/2010;139
16/06/2010;139
17/06/2010;139
18/06/2010;139
19/06/2010;139
20/06/2010;139
21/06/2010;139
22/06/2010;149
23/06/2010;149
24/06/2010;149
25/06/2010;152
26/06/2010;152
27/06/2010;152
28/06/2010;152
29/06/2010;152
30/06/2010;152
01/07/2010;154
02/07/2010;154
03/07/2010;154
04/07/2010;160
05/07/2010;160
06/07/2010;160
07/07/2010;160
08/07/2010;160
09/07/2010;160
10/07/2010;160
11/07/2010;160
12/07/2010;160
13/07/2010;160
14/07/2010;160
15/07/2010;160
16/07/2010;160
17/07/2010;160
18/07/2010;160
19/07/2010;165
20/07/2010;165
21/07/2010;165
22/07/2010;168
23/07/2010;168
24/07/2010;168
25/07/2010;168
26/07/2010;168
27/07/2010;168
28/07/2010;168
29/07/2010;168
30/07/2010;168
31/07/2010;168
01/08/2010;168
02/08/2010;168
03/08/2010;169
04/08/2010;169
05/08/2010;169
06/08/2010;169
07/08/2010;169
08/08/2010;169
09/08/2010;169
10/08/2010;169
11/08/2010;169
12/08/2010;169
13/08/2010;169
14/08/2010;169
15/08/2010;169
16/08/2010;169
17/08/2010;169
18/08/2010;169
19/08/2010;169
20/08/2010;169
21/08/2010;169
22/08/2010;169
23/08/2010;169
24/08/2010;169
25/08/2010;169
26/08/2010;169
27/08/2010;169
28/08/2010;174
29/08/2010;174
30/08/2010;175
31/08/2010;175
01/09/2010;176
02/09/2010;177
03/09/2010;178
04/09/2010;178
05/09/2010;178
06/09/2010;179
07/09/2010;179
08/09/2010;179
09/09/2010;179
10/09/2010;179
11/09/2010;182
12/09/2010;182
13/09/2010;182
14/09/2010;182
15/09/2010;182
16/09/2010;182
17/09/2010;182
18/09/2010;182
19/09/2010;187
20/09/2010;187
21/09/2010;187
22/09/2010;187
23/09/2010;187
24/09/2010;187
25/09/2010;187
26/09/2010;187
27/09/2010;187
28/09/2010;187
29/09/2010;188
30/09/2010;188
01/10/2010;188
02/10/2010;188
03/10/2010;188
04/10/2010;189
05/10/2010;192
06/10/2010;193
07/10/2010;193
08/10/2010;193
09/10/2010;194
10/10/2010;194
11/10/2010;194
12/10/2010;194
13/10/2010;194
14/10/2010;194
15/10/2010;194
16/10/2010;194
17/10/2010;194
18/10/2010;194
19/10/2010;194
20/10/2010;194
21/10/2010;194
22/10/2010;196
23/10/2010;199
24/10/2010;199
25/10/2010;199
26/10/2010;199
27/10/2010;200
28/10/2010;200
29/10/2010;200
30/10/2010;201
31/10/2010;201
01/11/2010;201
02/11/2010;201
03/11/2010;201
04/11/2010;201
05/11/2010;201
06/11/2010;202
07/11/2010;202
08/11/2010;202
09/11/2010;202
10/11/2010;202
11/11/2010;202
12/11/2010;202
13/11/2010;202
14/11/2010;202
15/11/2010;202
16/11/2010;202
17/11/2010;202
18/11/2010;202
19/11/2010;202
20/11/2010;202
21/11/2010;202
22/11/2010;202
23/11/2010;202
24/11/2010;202
25/11/2010;203
26/11/2010;203
27/11/2010;203
28/11/2010;203
29/11/2010;203
30/11/2010;203
01/12/2010;209
02/12/2010;209
03/12/2010;211
04/12/2010;211
05/12/2010;211
06/12/2010;211
07/12/2010;211
08/12/2010;211
09/12/2010;211
10/12/2010;211
11/12/2010;211
12/12/2010;211
13/12/2010;211
14/12/2010;211
15/12/2010;211
16/12/2010;212
17/12/2010;212
18/12/2010;212
19/12/2010;220
20/12/2010;222
21/12/2010;222
22/12/2010;223
23/12/2010;225
24/12/2010;226
25/12/2010;228
26/12/2010;228
27/12/2010;229
28/12/2010;230
29/12/2010;230
30/12/2010;230
31/12/2010;230
01/01/2011;233
02/01/2011;233
03/01/2011;233
04/01/2011;233
05/01/2011;233
06/01/2011;234
07/01/2011;234
08/01/2011;234
09/01/2011;234
10/01/2011;234
11/01/2011;235
12/01/2011;235
13/01/2011;236
14/01/2011;236
15/01/2011;237
16/01/2011;237
17/01/2011;237
18/01/2011;237
19/01/2011;237
20/01/2011;237
21/01/2011;237
22/01/2011;237
23/01/2011;237
24/01/2011;237
25/01/2011;237
26/01/2011;237
27/01/2011;237
28/01/2011;237
29/01/2011;237
30/01/2011;237
31/01/2011;238
01/02/2011;238
02/02/2011;238
03/02/2011;238
04/02/2011;238
05/02/2011;238
06/02/2011;238
07/02/2011;239
08/02/2011;242
09/02/2011;244
10/02/2011;251
11/02/2011;251
12/02/2011;253
13/02/2011;261
14/02/2011;272
15/02/2011;279
16/02/2011;288
17/02/2011;296
18/02/2011;296
19/02/2011;297
20/02/2011;306
21/02/2011;308
22/02/2011;311
23/02/2011;312
24/02/2011;314
25/02/2011;323
26/02/2011;325
27/02/2011;326
28/02/2011;326
01/03/2011;326
02/03/2011;327
03/03/2011;334
04/03/2011;335
05/03/2011;336
06/03/2011;336
07/03/2011;337
08/03/2011;341
09/03/2011;342
10/03/2011;343
11/03/2011;343
12/03/2011;343
13/03/2011;345
14/03/2011;345
15/03/2011;346
16/03/2011;346
17/03/2011;347
18/03/2011;348
19/03/2011;349
20/03/2011;349
21/03/2011;349
22/03/2011;349
23/03/2011;351
24/03/2011;352
25/03/2011;354
26/03/2011;354
27/03/2011;355
28/03/2011;355
29/03/2011;356
30/03/2011;357
31/03/2011;357
01/04/2011;358
02/04/2011;360
03/04/2011;361
04/04/2011;361
05/04/2011;361
06/04/2011;361
07/04/2011;362
08/04/2011;363
09/04/2011;363
10/04/2011;363
11/04/2011;364
12/04/2011;364
13/04/2011;366
14/04/2011;368
15/04/2011;369
16/04/2011;369
17/04/2011;369
18/04/2011;369
19/04/2011;370
20/04/2011;371
21/04/2011;372
22/04/2011;373
23/04/2011;374
24/04/2011;376
25/04/2011;377
26/04/2011;377
27/04/2011;377
28/04/2011;377
29/04/2011;377
30/04/2011;378
01/05/2011;380
02/05/2011;381
03/05/2011;383
04/05/2011;383
05/05/2011;384
06/05/2011;386
07/05/2011;386
08/05/2011;387
09/05/2011;388
10/05/2011;389
11/05/2011;389
12/05/2011;390
13/05/2011;390
14/05/2011;392
15/05/2011;392
16/05/2011;393
17/05/2011;394
18/05/2011;394
19/05/2011;396
20/05/2011;398
21/05/2011;398
22/05/2011;398
23/05/2011;399
24/05/2011;400
25/05/2011;400
26/05/2011;400
27/05/2011;400
28/05/2011;400
29/05/2011;400
30/05/2011;401
31/05/2011;403
01/06/2011;403
02/06/2011;404
03/06/2011;405
04/06/2011;406
05/06/2011;407
06/06/2011;408
07/06/2011;409
08/06/2011;411
09/06/2011;411
10/06/2011;412
11/06/2011;412
12/06/2011;412
13/06/2011;414
14/06/2011;414
15/06/2011;414
16/06/2011;414
17/06/2011;415
18/06/2011;416
19/06/2011;416
20/06/2011;417
21/06/2011;419
22/06/2011;421
23/06/2011;421
24/06/2011;424
25/06/2011;425
26/06/2011;429
27/06/2011;430
28/06/2011;430
29/06/2011;430
30/06/2011;432
01/07/2011;432
02/07/2011;433
03/07/2011;433
04/07/2011;434
05/07/2011;437
06/07/2011;438
07/07/2011;440
08/07/2011;441
09/07/2011;441
10/07/2011;442
11/07/2011;444
12/07/2011;446
13/07/2011;447
14/07/2011;448
15/07/2011;449
16/07/2011;451
17/07/2011;451
18/07/2011;453
19/07/2011;453
20/07/2011;455
21/07/2011;456
22/07/2011;457
23/07/2011;457
24/07/2011;458
25/07/2011;459
26/07/2011;461
27/07/2011;462
28/07/2011;463
29/07/2011;464
30/07/2011;465
31/07/2011;465
01/08/2011;466
02/08/2011;467
03/08/2011;467
04/08/2011;472
05/08/2011;473
06/08/2011;476
07/08/2011;479
08/08/2011;482
09/08/2011;482
10/08/2011;485
11/08/2011;487
12/08/2011;489
13/08/2011;491
14/08/2011;491
15/08/2011;492
16/08/2011;493
17/08/2011;493
18/08/2011;493
19/08/2011;495
20/08/2011;496
21/08/2011;496
22/08/2011;497
23/08/2011;498
24/08/2011;498
25/08/2011;501
26/08/2011;504
27/08/2011;506
28/08/2011;510
29/08/2011;510
30/08/2011;511
31/08/2011;512
01/09/2011;514
02/09/2011;515
03/09/2011;515
04/09/2011;516
05/09/2011;518
06/09/2011;520
07/09/2011;524
08/09/2011;525
09/09/2011;526
10/09/2011;526
11/09/2011;526
12/09/2011;527
13/09/2011;528
14/09/2011;529
15/09/2011;530
16/09/2011;532
17/09/2011;534
18/09/2011;534
19/09/2011;535
20/09/2011;541
21/09/2011;545
22/09/2011;547
23/09/2011;550
24/09/2011;551
25/09/2011;552
26/09/2011;553
27/09/2011;557
28/09/2011;559
29/09/2011;564
30/09/2011;565
01/10/2011;568
02/10/2011;568
03/10/2011;570
04/10/2011;573
05/10/2011;576
06/10/2011;576
07/10/2011;576
08/10/2011;578
09/10/2011;582
10/10/2011;588
11/10/2011;591
12/10/2011;595
13/10/2011;597
14/10/2011;600
15/10/2011;603
16/10/2011;605
17/10/2011;606
18/10/2011;608
19/10/2011;609
20/10/2011;610
21/10/2011;615
22/10/2011;616
23/10/2011;618
24/10/2011;621
25/10/2011;622
26/10/2011;625
27/10/2011;630
28/10/2011;631
29/10/2011;633
30/10/2011;635
31/10/2011;637
01/11/2011;637
02/11/2011;640
03/11/2011;642
04/11/2011;654
05/11/2011;663
06/11/2011;665
07/11/2011;667
08/11/2011;669
09/11/2011;673
10/11/2011;673
11/11/2011;677
12/11/2011;680
13/11/2011;681
14/11/2011;686
15/11/2011;690
16/11/2011;691
17/11/2011;692
18/11/2011;692
19/11/2011;692
20/11/2011;693
21/11/2011;696
22/11/2011;697
23/11/2011;698
24/11/2011;699
25/11/2011;703
26/11/2011;704
27/11/2011;707
28/11/2011;711
29/11/2011;712
30/11/2011;715
01/12/2011;715
02/12/2011;716
03/12/2011;719
04/12/2011;726
05/12/2011;731
06/12/2011;741
07/12/2011;747
08/12/2011;752
09/12/2011;758
10/12/2011;765
11/12/2011;771
12/12/2011;777
13/12/2011;783
14/12/2011;792
15/12/2011;802
16/12/2011;812
17/12/2011;817
18/12/2011;823
19/12/2011;823
20/12/2011;827
21/12/2011;834
22/12/2011;838
23/12/2011;846
24/12/2011;848
25/12/2011;851
26/12/2011;854
27/12/2011;860
28/12/2011;862
29/12/2011;869
30/12/2011;875
31/12/2011;880
01/01/2012;883
02/01/2012;891
03/01/2012;893
04/01/2012;899
05/01/2012;904
06/01/2012;911
07/01/2012;913
08/01/2012;915
09/01/2012;917
10/01/2012;925
11/01/2012;928
12/01/2012;932
13/01/2012;936
14/01/2012;940
15/01/2012;946
16/01/2012;948
17/01/2012;952
18/01/2012;956
19/01/2012;958
20/01/2012;963
21/01/2012;966
22/01/2012;966
23/01/2012;969
24/01/2012;973
25/01/2012;979
26/01/2012;985
27/01/2012;986
28/01/2012;990
29/01/2012;995
30/01/2012;999
31/01/2012;1000
01/02/2012;1006
02/02/2012;1009
03/02/2012;1010
04/02/2012;1014
05/02/2012;1015
06/02/2012;1016
07/02/2012;1017
08/02/2012;1019
09/02/2012;1022
10/02/2012;1027
11/02/2012;1029
12/02/2012;1029
13/02/2012;1032
14/02/2012;1035
15/02/2012;1041
16/02/2012;1046
17/02/2012;1048
18/02/2012;1051
19/02/2012;1051
20/02/2012;1068
21/02/2012;1075
22/02/2012;1080
23/02/2012;1083
24/02/2012;1096
25/02/2012;1107
26/02/2012;1117
27/02/2012;1128
28/02/2012;1135
29/02/2012;1140
01/03/2012;1147
02/03/2012;1152
03/03/2012;1162
04/03/2012;1172
05/03/2012;1184
06/03/2012;1197
07/03/2012;1208
08/03/2012;1221
09/03/2012;1235
10/03/2012;1256
11/03/2012;1271
12/03/2012;1281
13/03/2012;1294
14/03/2012;1306
15/03/2012;1308
16/03/2012;1312
17/03/2012;1316
18/03/2012;1317
19/03/2012;1319
20/03/2012;1322
21/03/2012;1328
22/03/2012;1343
23/03/2012;1347
24/03/2012;1350
25/03/2012;1356
26/03/2012;1360
27/03/2012;1366
28/03/2012;1369
29/03/2012;1371
30/03/2012;1375
31/03/2012;1377
01/04/2012;1378
02/04/2012;1380
03/04/2012;1384
04/04/2012;1387
05/04/2012;1389
06/04/2012;1391
07/04/2012;1392
08/04/2012;1393
09/04/2012;1395
10/04/2012;1396
11/04/2012;1397
12/04/2012;1401
13/04/2012;1402
14/04/2012;1403
15/04/2012;1405
16/04/2012;1406
17/04/2012;1407
18/04/2012;1411
19/04/2012;1414
20/04/2012;1416
21/04/2012;1417
22/04/2012;1424
23/04/2012;1426
24/04/2012;1426
25/04/2012;1427
26/04/2012;1430
27/04/2012;1433
28/04/2012;1433
29/04/2012;1435
30/04/2012;1437
01/05/2012;1450
02/05/2012;1455
03/05/2012;1456
04/05/2012;1457
05/05/2012;1459
06/05/2012;1465
07/05/2012;1468
08/05/2012;1469
09/05/2012;1473
10/05/2012;1475
11/05/2012;1478
12/05/2012;1479
13/05/2012;1482
14/05/2012;1489
15/05/2012;1494
16/05/2012;1494
17/05/2012;1498
18/05/2012;1502
19/05/2012;1506
20/05/2012;1507
21/05/2012;1508
22/05/2012;1510
23/05/2012;1510
24/05/2012;1511
25/05/2012;1512
26/05/2012;1518
27/05/2012;1518
28/05/2012;1521
29/05/2012;1522
30/05/2012;1523
31/05/2012;1524
01/06/2012;1525
02/06/2012;1525
03/06/2012;1526
04/06/2012;1527
05/06/2012;1527
06/06/2012;1529
07/06/2012;1532
08/06/2012;1536
09/06/2012;1538
10/06/2012;1539
11/06/2012;1544
12/06/2012;1545
13/06/2012;1548
14/06/2012;1549
15/06/2012;1552
16/06/2012;1553
17/06/2012;1554
18/06/2012;1555
19/06/2012;1557
20/06/2012;1559
21/06/2012;1561
22/06/2012;1561
23/06/2012;1563
24/06/2012;1563
25/06/2012;1564
26/06/2012;1568
27/06/2012;1568
28/06/2012;1572
29/06/2012;1572
30/06/2012;1572
01/07/2012;1574
02/07/2012;1576
03/07/2012;1578
04/07/2012;1578
05/07/2012;1580
06/07/2012;1584
07/07/2012;1584
08/07/2012;1584
09/07/2012;1584
10/07/2012;1586
11/07/2012;1586
12/07/2012;1586
13/07/2012;1586
14/07/2012;1589
15/07/2012;1590
16/07/2012;1592
17/07/2012;1598
18/07/2012;1599
19/07/2012;1600
20/07/2012;1601
21/07/2012;1601
22/07/2012;1601
23/07/2012;1602
24/07/2012;1603
25/07/2012;1606
26/07/2012;1608
27/07/2012;1608
28/07/2012;1608
29/07/2012;1610
30/07/2012;1610
31/07/2012;1613
01/08/2012;1615
02/08/2012;1615
03/08/2012;1616
04/08/2012;1616
05/08/2012;1616
06/08/2012;1616
07/08/2012;1617
08/08/2012;1617
09/08/2012;1617
10/08/2012;1617
11/08/2012;1617
12/08/2012;1618
13/08/2012;1619
14/08/2012;1620
15/08/2012;1620
16/08/2012;1622
17/08/2012;1622
18/08/2012;1624
19/08/2012;1626
20/08/2012;1626
21/08/2012;1628
22/08/2012;1628
23/08/2012;1628
24/08/2012;1628
25/08/2012;1629
26/08/2012;1630
27/08/2012;1630
28/08/2012;1634
29/08/2012;1635
30/08/2012;1635
31/08/2012;1636
01/09/2012;1636
02/09/2012;1636
03/09/2012;1639
04/09/2012;1639
05/09/2012;1641
06/09/2012;1644
07/09/2012;1647
08/09/2012;1648
09/09/2012;1651
10/09/2012;1661
11/09/2012;1664
12/09/2012;1666
13/09/2012;1668
14/09/2012;1670
15/09/2012;1674
16/09/2012;1678
17/09/2012;1679
18/09/2012;1680
19/09/2012;1681
20/09/2012;1688
21/09/2012;1692
22/09/2012;1699
23/09/2012;1703
24/09/2012;1705
25/09/2012;1707
26/09/2012;1712
27/09/2012;1718
28/09/2012;1719
29/09/2012;1733
30/09/2012;1734
01/10/2012;1736
02/10/2012;1736
03/10/2012;1740
04/10/2012;1741
05/10/2012;1745
06/10/2012;1751
07/10/2012;1756
08/10/2012;1762
09/10/2012;1764
10/10/2012;1769
11/10/2012;1785
12/10/2012;1798
13/10/2012;1811
14/10/2012;1816
15/10/2012;1827
16/10/2012;1833
17/10/2012;1840
18/10/2012;1843
19/10/2012;1846
20/10/2012;1853
21/10/2012;1855
22/10/2012;1856
23/10/2012;1859
24/10/2012;1866
25/10/2012;1870
26/10/2012;1874
27/10/2012;1877
28/10/2012;1877
29/10/2012;1877
30/10/2012;1878
31/10/2012;1880
01/11/2012;1882
02/11/2012;1889
03/11/2012;1895
04/11/2012;1899
05/11/2012;1902
06/11/2012;1906
07/11/2012;1911
08/11/2012;1915
09/11/2012;1918
10/11/2012;1923
11/11/2012;1926
12/11/2012;1931
13/11/2012;1932
14/11/2012;1938
15/11/2012;1943
16/11/2012;1945
17/11/2012;1955
18/11/2012;1966
19/11/2012;1967
20/11/2012;1971
21/11/2012;1973
22/11/2012;1995
23/11/2012;1997
24/11/2012;1999
25/11/2012;2007
26/11/2012;2012
27/11/2012;2013
28/11/2012;2016
29/11/2012;2026
30/11/2012;2029
01/12/2012;2034
02/12/2012;2035
03/12/2012;2042
04/12/2012;2047
05/12/2012;2051
06/12/2012;2054
07/12/2012;2059
08/12/2012;2062
09/12/2012;2068
10/12/2012;2069
11/12/2012;2075
12/12/2012;2083
13/12/2012;2084
14/12/2012;2084
15/12/2012;2086
16/12/2012;2088
17/12/2012;2091
18/12/2012;2093
19/12/2012;2094
20/12/2012;2094
21/12/2012;2097
22/12/2012;2097
23/12/2012;2099
24/12/2012;2099
25/12/2012;2099
26/12/2012;2103
27/12/2012;2104
28/12/2012;2106
29/12/2012;2107
30/12/2012;2107
31/12/2012;2110
01/01/2013;2113
02/01/2013;2117
03/01/2013;2120
04/01/2013;2128
05/01/2013;2132
06/01/2013;2133
07/01/2013;2143
08/01/2013;2146
09/01/2013;2147
10/01/2013;2151
11/01/2013;2154
12/01/2013;2168
13/01/2013;2172
14/01/2013;2175
15/01/2013;2178
16/01/2013;2179
17/01/2013;2186
18/01/2013;2198
19/01/2013;2210
20/01/2013;2224
21/01/2013;2234
22/01/2013;2239
23/01/2013;2255
24/01/2013;2257
25/01/2013;2264
26/01/2013;2271
27/01/2013;2281
28/01/2013;2287
29/01/2013;2292
30/01/2013;2301
31/01/2013;2301
01/02/2013;2303
02/02/2013;2309
03/02/2013;2315
04/02/2013;2319
05/02/2013;2323
06/02/2013;2324
07/02/2013;2326
08/02/2013;2331
09/02/2013;2344
10/02/2013;2348
11/02/2013;2356
12/02/2013;2362
13/02/2013;2364
14/02/2013;2367
15/02/2013;2368
16/02/2013;2374
17/02/2013;2380
18/02/2013;2386
19/02/2013;2392
20/02/2013;2398
21/02/2013;2402
22/02/2013;2405
23/02/2013;2410
24/02/2013;2420
25/02/2013;2423
26/02/2013;2427
27/02/2013;2433
28/02/2013;2436
01/03/2013;2445
02/03/2013;2451
03/03/2013;2458
04/03/2013;2462
05/03/2013;2464
06/03/2013;2465
07/03/2013;2471
08/03/2013;2475
09/03/2013;2478
10/03/2013;2486
11/03/2013;2497
12/03/2013;2505
13/03/2013;2508
14/03/2013;2512
15/03/2013;2515
16/03/2013;2517
17/03/2013;2525
18/03/2013;2531
19/03/2013;2536
20/03/2013;2547
21/03/2013;2552
22/03/2013;2555
23/03/2013;2569
24/03/2013;2573
25/03/2013;2583
26/03/2013;2589
27/03/2013;2591
28/03/2013;2595
29/03/2013;2597
30/03/2013;2602
31/03/2013;2604
01/04/2013;2610
02/04/2013;2610
03/04/2013;2618
04/04/2013;2622
05/04/2013;2630
06/04/2013;2640
07/04/2013;2643
08/04/2013;2655
09/04/2013;2659
10/04/2013;2668
11/04/2013;2670
12/04/2013;2675
13/04/2013;2691
14/04/2013;2696
15/04/2013;2700
16/04/2013;2704
17/04/2013;2707
18/04/2013;2714
19/04/2013;2721
20/04/2013;2725
21/04/2013;2738
22/04/2013;2740
23/04/2013;2743
24/04/2013;2748
25/04/2013;2760
26/04/2013;2764
27/04/2013;2765
28/04/2013;2766
29/04/2013;2775
30/04/2013;2779
01/05/2013;2781
02/05/2013;2782
03/05/2013;2789
04/05/2013;2796
05/05/2013;2801
06/05/2013;2806
07/05/2013;2811
08/05/2013;2818
09/05/2013;2822
10/05/2013;2827
11/05/2013;2832
12/05/2013;2836
13/05/2013;2840
14/05/2013;2851
15/05/2013;2855
16/05/2013;2860
17/05/2013;2865
18/05/2013;2868
19/05/2013;2876
20/05/2013;2888
21/05/2013;2893
22/05/2013;2899
23/05/2013;2902
24/05/2013;2910
25/05/2013;2915
26/05/2013;2917
27/05/2013;2924
28/05/2013;2925
29/05/2013;2930
30/05/2013;2934
31/05/2013;2938
01/06/2013;2939
02/06/2013;2947
03/06/2013;2960
04/06/2013;2966
05/06/2013;2974
06/06/2013;2983
07/06/2013;2995
08/06/2013;3009
09/06/2013;3014
10/06/2013;3017
11/06/2013;3019
12/06/2013;3026
13/06/2013;3030
14/06/2013;3036
15/06/2013;3040
16/06/2013;3047
17/06/2013;3054
18/06/2013;3060
19/06/2013;3067
20/06/2013;3069
21/06/2013;3073
22/06/2013;3076
23/06/2013;3077
24/06/2013;3081
25/06/2013;3084
26/06/2013;3088
27/06/2013;3091
28/06/2013;3094
29/06/2013;3097
30/06/2013;3098
01/07/2013;3103
02/07/2013;3108
03/07/2013;3115
04/07/2013;3122
05/07/2013;3126
06/07/2013;3128
07/07/2013;3131
08/07/2013;3136
09/07/2013;3140
10/07/2013;3143
11/07/2013;3145
12/07/2013;3148
13/07/2013;3149
14/07/2013;3151
15/07/2013;3153
16/07/2013;3157
17/07/2013;3157
18/07/2013;3161
19/07/2013;3163
20/07/2013;3164
21/07/2013;3167
22/07/2013;3170
23/07/2013;3174
24/07/2013;3177
25/07/2013;3177
26/07/2013;3179
27/07/2013;3180
28/07/2013;3185
29/07/2013;3186
30/07/2013;3186
31/07/2013;3191
01/08/2013;3193
02/08/2013;3194
03/08/2013;3197
04/08/2013;3198
05/08/2013;3199
06/08/2013;3201
07/08/2013;3204
08/08/2013;3204
09/08/2013;3206
10/08/2013;3209
11/08/2013;3211
12/08/2013;3212
13/08/2013;3215
14/08/2013;3218
15/08/2013;3220
16/08/2013;3223
17/08/2013;3223
18/08/2013;3224
19/08/2013;3227
20/08/2013;3229
21/08/2013;3229
22/08/2013;3232
23/08/2013;3232
24/08/2013;3233
25/08/2013;3233
26/08/2013;3233
27/08/2013;3235
28/08/2013;3235
29/08/2013;3235
30/08/2013;3236
31/08/2013;3237
01/09/2013;3242
02/09/2013;3244
03/09/2013;3245
04/09/2013;3247
05/09/2013;3247
06/09/2013;3249
07/09/2013;3250
08/09/2013;3253
09/09/2013;3256
10/09/2013;3257
11/09/2013;3258
12/09/2013;3263
13/09/2013;3264
14/09/2013;3267
15/09/2013;3271
16/09/2013;3271
17/09/2013;3277
18/09/2013;3279
19/09/2013;3281
20/09/2013;3283
21/09/2013;3286
22/09/2013;3288
23/09/2013;3291
24/09/2013;3294
25/09/2013;3297
26/09/2013;3299
27/09/2013;3300
28/09/2013;3301
29/09/2013;3310
30/09/2013;3315
01/10/2013;3317
02/10/2013;3318
03/10/2013;3319
04/10/2013;3320
05/10/2013;3320
06/10/2013;3324
07/10/2013;3330
08/10/2013;3334
09/10/2013;3340
10/10/2013;3343
11/10/2013;3346
12/10/2013;3353
13/10/2013;3356
14/10/2013;3361
15/10/2013;3364
16/10/2013;3368
17/10/2013;3371
18/10/2013;3375
19/10/2013;3389
20/10/2013;3396
21/10/2013;3398
22/10/2013;3402
23/10/2013;3409
24/10/2013;3413
25/10/2013;3420
26/10/2013;3422
27/10/2013;3431
28/10/2013;3435
29/10/2013;3438
30/10/2013;3442
31/10/2013;3449
01/11/2013;3449
02/11/2013;3452
03/11/2013;3454
04/11/2013;3458
05/11/2013;3466
06/11/2013;3472
07/11/2013;3476
08/11/2013;3483
09/11/2013;3498
10/11/2013;3502
11/11/2013;3505
12/11/2013;3509
13/11/2013;3513
14/11/2013;3519
15/11/2013;3520
16/11/2013;3521
17/11/2013;3521
18/11/2013;3522
19/11/2013;3522
20/11/2013;3522
21/11/2013;3523
22/11/2013;3523
23/11/2013;3523
24/11/2013;3523
25/11/2013;3527
26/11/2013;3543
27/11/2013;3550
28/11/2013;3554
29/11/2013;3557
30/11/2013;3558
01/12/2013;3562
02/12/2013;3568
03/12/2013;3575
04/12/2013;3584
05/12/2013;3590
06/12/2013;3598
07/12/2013;3604
08/12/2013;3613
09/12/2013;3619
10/12/2013;3625
11/12/2013;3628
12/12/2013;3632
13/12/2013;3634
14/12/2013;3638
15/12/2013;3640
16/12/2013;3648
17/12/2013;3653
18/12/2013;3665
19/12/2013;3669
20/12/2013;3675
21/12/2013;3679
22/12/2013;3681
23/12/2013;3687
24/12/2013;3696
25/12/2013;3698
26/12/2013;3702
27/12/2013;3705
28/12/2013;3711
29/12/2013;3724
30/12/2013;3734
31/12/2013;3744
01/01/2014;3754
02/01/2014;3765
03/01/2014;3775
04/01/2014;3784
05/01/2014;3788
06/01/2014;3792
07/01/2014;3800
08/01/2014;3804
09/01/2014;3811
10/01/2014;3822
11/01/2014;3832
12/01/2014;3837
13/01/2014;3840
14/01/2014;3847
15/01/2014;3857
16/01/2014;3868
17/01/2014;3875
18/01/2014;3880
19/01/2014;3881
20/01/2014;3888
21/01/2014;3898
22/01/2014;3910
23/01/2014;3915
24/01/2014;3925
25/01/2014;3932
26/01/2014;3935
27/01/2014;3946
28/01/2014;3959
29/01/2014;3974
30/01/2014;3986
31/01/2014;4003
01/02/2014;4020
02/02/2014;4026
03/02/2014;4033
04/02/2014;4047
05/02/2014;4060
06/02/2014;4066
07/02/2014;4071
08/02/2014;4073
09/02/2014;4079
10/02/2014;4086
11/02/2014;4093
12/02/2014;4105
13/02/2014;4118
14/02/2014;4127
15/02/2014;4133
16/02/2014;4139
17/02/2014;4146
18/02/2014;4155
19/02/2014;4168
20/02/2014;4175
21/02/2014;4185
22/02/2014;4188
23/02/2014;4192
24/02/2014;4198
25/02/2014;4204
26/02/2014;4208
27/02/2014;4214
28/02/2014;4220
01/03/2014;4225
02/03/2014;4226
03/03/2014;4237
04/03/2014;4242
05/03/2014;4249
06/03/2014;4261
07/03/2014;4269
08/03/2014;4270
09/03/2014;4271
10/03/2014;4279
11/03/2014;4291
12/03/2014;4294
13/03/2014;4295
14/03/2014;4308
15/03/2014;4309
16/03/2014;4315
17/03/2014;4322
18/03/2014;4326
19/03/2014;4329
20/03/2014;4334
21/03/2014;4341
22/03/2014;4348
23/03/2014;4363
24/03/2014;4380
25/03/2014;4390
26/03/2014;4401
27/03/2014;4409
28/03/2014;4417
29/03/2014;4432
30/03/2014;4437
31/03/2014;4451
01/04/2014;4469
02/04/2014;4491
03/04/2014;4507
04/04/2014;4520
05/04/2014;4528
06/04/2014;4535
07/04/2014;4548
08/04/2014;4556
09/04/2014;4562
10/04/2014;4580
11/04/2014;4592
12/04/2014;4601
13/04/2014;4609
14/04/2014;4624
15/04/2014;4636
16/04/2014;4646
17/04/2014;4650
18/04/2014;4655
19/04/2014;4660
20/04/2014;4668
21/04/2014;4681
22/04/2014;4698
23/04/2014;4711
24/04/2014;4722
25/04/2014;4737
26/04/2014;4747
27/04/2014;4763
28/04/2014;4772
29/04/2014;4790
30/04/2014;4802
01/05/2014;4822
02/05/2014;4832
03/05/2014;4840
04/05/2014;4847
05/05/2014;4853
06/05/2014;4869
07/05/2014;4906
08/05/2014;4923
09/05/2014;4942
10/05/2014;4954
11/05/2014;4974
12/05/2014;4998
13/05/2014;5027
14/05/2014;5046
15/05/2014;5062
16/05/2014;5078
17/05/2014;5088
18/05/2014;5105
19/05/2014;5152
20/05/2014;5186
21/05/2014;5218
22/05/2014;5264
23/05/2014;5291
24/05/2014;5313
25/05/2014;5342
26/05/2014;5365
27/05/2014;5377
28/05/2014;5384
29/05/2014;5397
30/05/2014;5404
31/05/2014;5408
01/06/2014;5417
02/06/2014;5427
03/06/2014;5436
04/06/2014;5444
05/06/2014;5456
06/06/2014;5462
07/06/2014;5468
08/06/2014;5469
09/06/2014;5476
10/06/2014;5482
11/06/2014;5486
12/06/2014;5488
13/06/2014;5489
14/06/2014;5496
15/06/2014;5502
16/06/2014;5506
17/06/2014;5512
18/06/2014;5518
19/06/2014;5523
20/06/2014;5527
21/06/2014;5531
22/06/2014;5536
23/06/2014;5540
24/06/2014;5545
25/06/2014;5548
26/06/2014;5555
27/06/2014;5557
28/06/2014;5560
29/06/2014;5565
30/06/2014;5571
01/07/2014;5575
02/07/2014;5584
03/07/2014;5587
04/07/2014;5592
05/07/2014;5598
06/07/2014;5600
07/07/2014;5602
08/07/2014;5603
09/07/2014;5606
10/07/2014;5608
11/07/2014;5609
12/07/2014;5611
13/07/2014;5611
14/07/2014;5617
15/07/2014;5618
16/07/2014;5622
17/07/2014;5624
18/07/2014;5630
19/07/2014;5630
20/07/2014;5635
21/07/2014;5641
22/07/2014;5642
23/07/2014;5644
24/07/2014;5647
25/07/2014;5648
26/07/2014;5649
27/07/2014;5651
28/07/2014;5652
29/07/2014;5658
30/07/2014;5662
31/07/2014;5668
01/08/2014;5669
02/08/2014;5672
03/08/2014;5685
04/08/2014;5693
05/08/2014;5698
06/08/2014;5705
07/08/2014;5708
08/08/2014;5711
09/08/2014;5713
10/08/2014;5717
11/08/2014;5719
12/08/2014;5723
13/08/2014;5727
14/08/2014;5731
15/08/2014;5733
16/08/2014;5734
17/08/2014;5737
18/08/2014;5739
19/08/2014;5741
20/08/2014;5741
21/08/2014;5741
22/08/2014;5741
23/08/2014;5744
24/08/2014;5748
25/08/2014;5750
26/08/2014;5755
27/08/2014;5763
28/08/2014;5765
29/08/2014;5766
30/08/2014;5771
31/08/2014;5780
01/09/2014;5781
02/09/2014;5785
03/09/2014;5787
04/09/2014;5790
05/09/2014;5796
06/09/2014;5801
07/09/2014;5804
08/09/2014;5807
09/09/2014;5814
10/09/2014;5821
11/09/2014;5825
12/09/2014;5830
13/09/2014;5835
14/09/2014;5839
15/09/2014;5846
16/09/2014;5853
17/09/2014;5870
18/09/2014;5886
19/09/2014;5893
20/09/2014;5910
21/09/2014;5942
22/09/2014;5958
23/09/2014;5967
24/09/2014;5981
25/09/2014;5989
26/09/2014;6012
27/09/2014;6028
28/09/2014;6031
29/09/2014;6039
30/09/2014;6045
01/10/2014;6058
02/10/2014;6065
03/10/2014;6071
04/10/2014;6073
05/10/2014;6078
06/10/2014;6092
07/10/2014;6106
08/10/2014;6120
09/10/2014;6138
10/10/2014;6148
11/10/2014;6154
12/10/2014;6158
13/10/2014;6162
14/10/2014;6176
15/10/2014;6184
16/10/2014;6188
17/10/2014;6196
18/10/2014;6209
19/10/2014;6215
20/10/2014;6227
21/10/2014;6239
22/10/2014;6247
23/10/2014;6252
24/10/2014;6253
25/10/2014;6261
26/10/2014;6269
27/10/2014;6275
28/10/2014;6280
29/10/2014;6288
30/10/2014;6305
31/10/2014;6313
01/11/2014;6324
02/11/2014;6332
03/11/2014;6338
04/11/2014;6340
05/11/2014;6347
06/11/2014;6353
07/11/2014;6365
08/11/2014;6371
09/11/2014;6374
10/11/2014;6380
11/11/2014;6400
12/11/2014;6406
13/11/2014;6413
14/11/2014;6416
15/11/2014;6428
16/11/2014;6433
17/11/2014;6450
18/11/2014;6455
19/11/2014;6463
20/11/2014;6473
21/11/2014;6479
22/11/2014;6479
23/11/2014;6482
24/11/2014;6496
25/11/2014;6505
26/11/2014;6513
27/11/2014;6519
28/11/2014;6524
29/11/2014;6529
30/11/2014;6536
01/12/2014;6542
02/12/2014;6547
03/12/2014;6558
04/12/2014;6566
05/12/2014;6568
06/12/2014;6574
07/12/2014;6582
08/12/2014;6587
09/12/2014;6592
10/12/2014;6599
11/12/2014;6601
12/12/2014;6603
13/12/2014;6606
14/12/2014;6617
15/12/2014;6621
16/12/2014;6625
17/12/2014;6632
18/12/2014;6638
19/12/2014;6642
20/12/2014;6646
21/12/2014;6656
22/12/2014;6660
23/12/2014;6661
24/12/2014;6662
25/12/2014;6672
26/12/2014;6676
27/12/2014;6686
28/12/2014;6699
29/12/2014;6709
30/12/2014;6720
31/12/2014;6733
01/01/2015;6742
02/01/2015;6750
03/01/2015;6753
04/01/2015;6757
05/01/2015;6764
06/01/2015;6770
07/01/2015;6780
08/01/2015;6787
09/01/2015;6788
10/01/2015;6795
11/01/2015;6806
12/01/2015;6811
13/01/2015;6823
14/01/2015;6834
15/01/2015;6842
16/01/2015;6845
17/01/2015;6850
18/01/2015;6858
19/01/2015;6867
20/01/2015;6875
21/01/2015;6882
22/01/2015;6888
23/01/2015;6900
24/01/2015;6909
25/01/2015;6912
26/01/2015;6919
27/01/2015;6932
28/01/2015;6939
29/01/2015;6947
30/01/2015;6956
31/01/2015;6962
01/02/2015;6969
02/02/2015;6979
03/02/2015;6983
04/02/2015;6985
05/02/2015;7005
06/02/2015;7020
07/02/2015;7033
08/02/2015;7040
09/02/2015;7053
10/02/2015;7059
11/02/2015;7066
12/02/2015;7074
13/02/2015;7084
14/02/2015;7092
15/02/2015;7105
16/02/2015;7117
17/02/2015;7125
18/02/2015;7134
19/02/2015;7144
20/02/2015;7151
21/02/2015;7156
22/02/2015;7167
23/02/2015;7173
24/02/2015;7185
25/02/2015;7191
26/02/2015;7199
27/02/2015;7205
28/02/2015;7213
01/03/2015;7219
02/03/2015;7226
03/03/2015;7243
04/03/2015;7251
05/03/2015;7254
06/03/2015;7266
07/03/2015;7275
08/03/2015;7281
09/03/2015;7299
10/03/2015;7311
11/03/2015;7318
12/03/2015;7329
13/03/2015;7337
14/03/2015;7346
15/03/2015;7356
16/03/2015;7368
17/03/2015;7375
18/03/2015;7381
19/03/2015;7390
20/03/2015;7404
21/03/2015;7413
22/03/2015;7423
23/03/2015;7430
24/03/2015;7442
25/03/2015;7452
26/03/2015;7459
27/03/2015;7465
28/03/2015;7470
29/03/2015;7481
30/03/2015;7489
31/03/2015;7490
01/04/2015;7502
02/04/2015;7507
03/04/2015;7518
04/04/2015;7525
05/04/2015;7535
06/04/2015;7544
07/04/2015;7550
08/04/2015;7557
09/04/2015;7564
10/04/2015;7566
11/04/2015;7569
12/04/2015;7575
13/04/2015;7584
14/04/2015;7590
15/04/2015;7595
16/04/2015;7601
17/04/2015;7610
18/04/2015;7618
19/04/2015;7626
20/04/2015;7637
21/04/2015;7647
22/04/2015;7654
23/04/2015;7658
24/04/2015;7660
25/04/2015;7661
26/04/2015;7666
27/04/2015;7671
28/04/2015;7677
29/04/2015;7686
30/04/2015;7693
01/05/2015;7705
02/05/2015;7712
03/05/2015;7715
04/05/2015;7723
05/05/2015;7727
06/05/2015;7732
07/05/2015;7734
08/05/2015;7740
09/05/2015;7748
10/05/2015;7753
11/05/2015;7761
12/05/2015;7773
13/05/2015;7777
14/05/2015;7782
15/05/2015;7785
16/05/2015;7788
17/05/2015;7797
18/05/2015;7804
19/05/2015;7809
20/05/2015;7817
21/05/2015;7825
22/05/2015;7833
23/05/2015;7834
24/05/2015;7834
25/05/2015;7842
26/05/2015;7849
27/05/2015;7851
28/05/2015;7857
29/05/2015;7860
30/05/2015;7862
31/05/2015;7864
01/06/2015;7873
02/06/2015;7875
03/06/2015;7875
04/06/2015;7879
05/06/2015;7882
06/06/2015;7883
07/06/2015;7884
08/06/2015;7886
09/06/2015;7895
10/06/2015;7900
11/06/2015;7904
12/06/2015;7910
13/06/2015;7912
14/06/2015;7913
15/06/2015;7919
16/06/2015;7924
17/06/2015;7926
18/06/2015;7927
19/06/2015;7931
20/06/2015;7933
21/06/2015;7936
22/06/2015;7941
23/06/2015;7951
24/06/2015;7960
25/06/2015;7968
26/06/2015;7973
27/06/2015;7974
28/06/2015;7980
29/06/2015;7980
30/06/2015;7986
01/07/2015;7990
02/07/2015;8008
03/07/2015;8016
04/07/2015;8021
05/07/2015;8029
06/07/2015;8033
07/07/2015;8042
08/07/2015;8051
09/07/2015;8061
10/07/2015;8072
11/07/2015;8079
12/07/2015;8081
13/07/2015;8091
14/07/2015;8100
15/07/2015;8110
16/07/2015;8119
17/07/2015;8122
18/07/2015;8130
19/07/2015;8133
20/07/2015;8143
21/07/2015;8157
22/07/2015;8164
23/07/2015;8173
24/07/2015;8175
25/07/2015;8178
26/07/2015;8178
27/07/2015;8185
28/07/2015;8207
29/07/2015;8213
30/07/2015;8224
31/07/2015;8226
01/08/2015;8228
02/08/2015;8233
03/08/2015;8245
04/08/2015;8260
05/08/2015;8267
06/08/2015;8273
07/08/2015;8276
08/08/2015;8281
09/08/2015;8284
10/08/2015;8296
11/08/2015;8303
12/08/2015;8310
13/08/2015;8316
14/08/2015;8317
15/08/2015;8324
16/08/2015;8326
17/08/2015;8332
18/08/2015;8341
19/08/2015;8348
20/08/2015;8349
21/08/2015;8354
22/08/2015;8357
23/08/2015;8361
24/08/2015;8363
25/08/2015;8373
26/08/2015;8379
27/08/2015;8385
28/08/2015;8394
29/08/2015;8403
30/08/2015;8412
31/08/2015;8428
01/09/2015;8445
02/09/2015;8451
03/09/2015;8461
04/09/2015;8473
05/09/2015;8479
06/09/2015;8486
07/09/2015;8496
08/09/2015;8509
09/09/2015;8517
10/09/2015;8529
11/09/2015;8545
12/09/2015;8552
13/09/2015;8560
14/09/2015;8578
15/09/2015;8589
16/09/2015;8607
17/09/2015;8622
18/09/2015;8628
19/09/2015;8635
20/09/2015;8646
21/09/2015;8661
22/09/2015;8665
23/09/2015;8673
24/09/2015;8682
25/09/2015;8686
26/09/2015;8691
27/09/2015;8697
28/09/2015;8713
29/09/2015;8724
30/09/2015;8729
01/10/2015;8736
02/10/2015;8740
03/10/2015;8742
04/10/2015;8762
05/10/2015;8767
06/10/2015;8782
07/10/2015;8787
08/10/2015;8796
09/10/2015;8798
10/10/2015;8803
11/10/2015;8812
12/10/2015;8819
13/10/2015;8824
14/10/2015;8827
15/10/2015;8835
16/10/2015;8840
17/10/2015;8843
18/10/2015;8853
19/10/2015;8869
20/10/2015;8882
21/10/2015;8885
22/10/2015;8899
23/10/2015;8912
24/10/2015;8918
25/10/2015;8922
26/10/2015;8935
27/10/2015;8940
28/10/2015;8947
29/10/2015;8954
30/10/2015;8961
31/10/2015;8971
01/11/2015;8987
02/11/2015;9000
03/11/2015;9014
04/11/2015;9027
05/11/2015;9042
06/11/2015;9055
07/11/2015;9066
08/11/2015;9075
09/11/2015;9090
10/11/2015;9103
11/11/2015;9118
12/11/2015;9131
13/11/2015;9138
14/11/2015;9156
15/11/2015;9173
16/11/2015;9192
17/11/2015;9206
18/11/2015;9220
19/11/2015;9240
20/11/2015;9254
21/11/2015;9284
22/11/2015;9323
23/11/2015;9351
24/11/2015;9378
25/11/2015;9402
26/11/2015;9433
27/11/2015;9454
28/11/2015;9476
29/11/2015;9509
30/11/2015;9544
01/12/2015;9580
02/12/2015;9627
03/12/2015;9667
04/12/2015;9705
05/12/2015;9736
06/12/2015;9760
07/12/2015;9782
08/12/2015;9811
09/12/2015;9829
10/12/2015;9846
11/12/2015;9855
12/12/2015;9867
13/12/2015;9886
14/12/2015;9903
15/12/2015;9931
16/12/2015;9956
17/12/2015;9980
18/12/2015;9990
19/12/2015;9992
20/12/2015;10016
21/12/2015;10021
22/12/2015;10034
23/12/2015;10044
24/12/2015;10051
25/12/2015;10054
26/12/2015;10057
27/12/2015;10062
28/12/2015;10072
29/12/2015;10084
30/12/2015;10091
31/12/2015;10103
01/01/2016;10126
02/01/2016;10143
03/01/2016;10158
04/01/2016;10177
05/01/2016;10183
06/01/2016;10191
07/01/2016;10207
08/01/2016;10227
09/01/2016;10237
10/01/2016;10245
11/01/2016;10251
12/01/2016;10264
13/01/2016;10273
14/01/2016;10283
15/01/2016;10288
16/01/2016;10291
17/01/2016;10295
18/01/2016;10300
19/01/2016;10312
20/01/2016;10318
21/01/2016;10323
22/01/2016;10326
23/01/2016;10327
24/01/2016;10333
25/01/2016;10337
26/01/2016;10344
27/01/2016;10347
28/01/2016;10356
29/01/2016;10359
30/01/2016;10362
31/01/2016;10365
01/02/2016;10375
02/02/2016;10387
03/02/2016;10398
04/02/2016;10408
05/02/2016;10418
06/02/2016;10427
07/02/2016;10442
08/02/2016;10452
09/02/2016;10459
10/02/2016;10467
11/02/2016;10478
12/02/2016;10484
13/02/2016;10494
14/02/2016;10498
15/02/2016;10507
16/02/2016;10512
17/02/2016;10539
18/02/2016;10550
19/02/2016;10562
20/02/2016;10567
21/02/2016;10577
22/02/2016;10588
23/02/2016;10599
24/02/2016;10607
25/02/2016;10613
26/02/2016;10617
27/02/2016;10626
28/02/2016;10635
29/02/2016;10643
01/03/2016;10647
02/03/2016;10653
03/03/2016;10657
04/03/2016;10662
05/03/2016;10675
06/03/2016;10682
07/03/2016;10687
08/03/2016;10694
09/03/2016;10702
10/03/2016;10716
11/03/2016;10719
12/03/2016;10730
13/03/2016;10737
14/03/2016;10745
15/03/2016;10754
16/03/2016;10765
17/03/2016;10769
18/03/2016;10774
19/03/2016;10778
20/03/2016;10783
21/03/2016;10785
22/03/2016;10791
23/03/2016;10794
24/03/2016;10801
25/03/2016;10811
26/03/2016;10812
27/03/2016;10819
28/03/2016;10823
29/03/2016;10825
30/03/2016;10832
31/03/2016;10836
01/04/2016;10851
02/04/2016;10854
03/04/2016;10857
04/04/2016;10857
05/04/2016;10862
06/04/2016;10863
07/04/2016;10868
08/04/2016;10868
09/04/2016;10870
10/04/2016;10873
11/04/2016;10877
12/04/2016;10881
13/04/2016;10890
14/04/2016;10898
15/04/2016;10901
16/04/2016;10908
17/04/2016;10913
18/04/2016;10915
19/04/2016;10920
20/04/2016;10928
21/04/2016;10933
22/04/2016;10941
23/04/2016;10947
24/04/2016;10957
25/04/2016;10965
26/04/2016;10967
27/04/2016;10970
28/04/2016;10974
29/04/2016;10977
30/04/2016;10981
01/05/2016;10987
02/05/2016;10990
03/05/2016;10998
04/05/2016;11004
05/05/2016;11008
06/05/2016;11011
07/05/2016;11017
08/05/2016;11027
09/05/2016;11030
10/05/2016;11036
11/05/2016;11037
12/05/2016;11045
13/05/2016;11049
14/05/2016;11052
15/05/2016;11059
16/05/2016;11063
17/05/2016;11067
18/05/2016;11072
19/05/2016;11079
20/05/2016;11082
21/05/2016;11087
22/05/2016;11093
23/05/2016;11102
24/05/2016;11111
25/05/2016;11120
26/05/2016;11131
27/05/2016;11134
28/05/2016;11139
29/05/2016;11145
30/05/2016;11148
31/05/2016;11154
01/06/2016;11162
02/06/2016;11165
03/06/2016;11169
04/06/2016;11172
05/06/2016;11176
06/06/2016;11178
07/06/2016;11186
08/06/2016;11192
09/06/2016;11198
10/06/2016;11203
11/06/2016;11206
12/06/2016;11208
13/06/2016;11213
14/06/2016;11219
15/06/2016;11230
16/06/2016;11235
17/06/2016;11239
18/06/2016;11249
19/06/2016;11251
20/06/2016;11252
21/06/2016;11260
22/06/2016;11270
23/06/2016;11275
24/06/2016;11291
25/06/2016;11301
26/06/2016;11310
27/06/2016;11318
28/06/2016;11326
29/06/2016;11349
30/06/2016;11364
01/07/2016;11382
02/07/2016;11390
03/07/2016;11411
04/07/2016;11423
05/07/2016;11435
06/07/2016;11445
07/07/2016;11451
08/07/2016;11459
09/07/2016;11463
10/07/2016;11465
11/07/2016;11469
12/07/2016;11478
13/07/2016;11483
14/07/2016;11497
15/07/2016;11509
16/07/2016;11515
17/07/2016;11522
18/07/2016;11528
19/07/2016;11538
20/07/2016;11545
21/07/2016;11553
22/07/2016;11558
23/07/2016;11567
24/07/2016;11587
25/07/2016;11605
26/07/2016;11623
27/07/2016;11635
28/07/2016;11652
29/07/2016;11672
30/07/2016;11685
31/07/2016;11700
01/08/2016;11705
02/08/2016;11717
03/08/2016;11724
04/08/2016;11730
05/08/2016;11737
06/08/2016;11745
07/08/2016;11747
08/08/2016;11754
09/08/2016;11759
10/08/2016;11766
11/08/2016;11771
12/08/2016;11774
13/08/2016;11777
14/08/2016;11783
15/08/2016;11788
16/08/2016;11797
17/08/2016;11808
18/08/2016;11810
19/08/2016;11819
20/08/2016;11826
21/08/2016;11828
22/08/2016;11833
23/08/2016;11845
24/08/2016;11852
25/08/2016;11855
26/08/2016;11859
27/08/2016;11864
28/08/2016;11871
29/08/2016;11878
30/08/2016;11887
31/08/2016;11895
01/09/2016;11913
02/09/2016;11920
03/09/2016;11927
04/09/2016;11936
05/09/2016;11939
06/09/2016;11949
07/09/2016;11954
08/09/2016;11970
09/09/2016;11979
10/09/2016;11998
11/09/2016;12008
12/09/2016;12014
13/09/2016;12024
14/09/2016;12032
15/09/2016;12037
16/09/2016;12057
17/09/2016;12073
18/09/2016;12085
19/09/2016;12094
20/09/2016;12106
21/09/2016;12111
22/09/2016;12122
23/09/2016;12127
24/09/2016;12132
25/09/2016;12137
26/09/2016;12140
27/09/2016;12146
28/09/2016;12157
29/09/2016;12168
30/09/2016;12178
01/10/2016;12189
02/10/2016;12198
03/10/2016;12205
04/10/2016;12215
05/10/2016;12230
06/10/2016;12247
07/10/2016;12255
08/10/2016;12262
09/10/2016;12272
10/10/2016;12287
11/10/2016;12306
12/10/2016;12325
13/10/2016;12340
14/10/2016;12350
15/10/2016;12356
16/10/2016;12370
17/10/2016;12375
18/10/2016;12404
19/10/2016;12411
20/10/2016;12419
21/10/2016;12427
22/10/2016;12434
23/10/2016;12440
24/10/2016;12454
25/10/2016;12486
26/10/2016;12510
27/10/2016;12530
28/10/2016;12541
29/10/2016;12551
30/10/2016;12558
31/10/2016;12584
01/11/2016;12616
02/11/2016;12644
03/11/2016;12665
04/11/2016;12687
05/11/2016;12701
06/11/2016;12715
07/11/2016;12753
08/11/2016;12798
09/11/2016;12860
10/11/2016;12914
11/11/2016;13028
12/11/2016;13088
13/11/2016;13134
14/11/2016;13167
15/11/2016;13190
16/11/2016;13221
17/11/2016;13250
18/11/2016;13272
19/11/2016;13301
20/11/2016;13331
21/11/2016;13364
22/11/2016;13389
23/11/2016;13416
24/11/2016;13434
25/11/2016;13452
26/11/2016;13465
27/11/2016;13485
28/11/2016;13510
29/11/2016;13542
30/11/2016;13576
01/12/2016;13621
02/12/2016;13652
03/12/2016;13678
04/12/2016;13710
05/12/2016;13736
06/12/2016;13764
07/12/2016;13780
08/12/2016;13801
09/12/2016;13817
10/12/2016;13836
11/12/2016;13849
12/12/2016;13895
13/12/2016;13937
14/12/2016;14007
15/12/2016;14035
16/12/2016;14066
17/12/2016;14100
18/12/2016;14141
19/12/2016;14162
20/12/2016;14186
21/12/2016;14240
22/12/2016;14265
23/12/2016;14279
24/12/2016;14291
25/12/2016;14321
26/12/2016;14348
27/12/2016;14375
28/12/2016;14404
29/12/2016;14436
30/12/2016;14473
31/12/2016;14535
01/01/2017;14561
02/01/2017;14572
03/01/2017;14598
04/01/2017;14636
05/01/2017;14651
06/01/2017;14674
07/01/2017;14700
08/01/2017;14722
09/01/2017;14749
10/01/2017;14767
11/01/2017;14800
12/01/2017;14817
13/01/2017;14839
14/01/2017;14851
15/01/2017;14864
16/01/2017;14885
17/01/2017;14896
18/01/2017;14918
19/01/2017;14927
20/01/2017;14940
21/01/2017;15000
22/01/2017;15043
23/01/2017;15089
24/01/2017;15120
25/01/2017;15157
26/01/2017;15197
27/01/2017;15231
28/01/2017;15270
29/01/2017;15323
30/01/2017;15359
