"jour";"nb_total"
"2007-03-25";28
"2007-03-26";28
"2007-03-27";28
"2007-03-28";28
"2007-03-29";28
"2007-03-30";28
"2007-03-31";28
"2007-04-01";28
"2007-04-02";28
"2007-04-03";28
"2007-04-04";28
"2007-04-05";28
"2007-04-06";28
"2007-04-07";28
"2007-04-08";28
"2007-04-09";28
"2007-04-10";28
"2007-04-11";28
"2007-04-12";28
"2007-04-13";28
"2007-04-14";28
"2007-04-15";28
"2007-04-16";28
"2007-04-17";28
"2007-04-18";28
"2007-04-19";28
"2007-04-20";29
"2007-04-21";29
"2007-04-22";29
"2007-04-23";29
"2007-04-24";29
"2007-04-25";29
"2007-04-26";29
"2007-04-27";29
"2007-04-28";29
"2007-04-29";29
"2007-04-30";29
"2007-05-01";30
"2007-05-02";30
"2007-05-03";30
"2007-05-04";30
"2007-05-05";30
"2007-05-06";30
"2007-05-07";30
"2007-05-08";30
"2007-05-09";30
"2007-05-10";30
"2007-05-11";30
"2007-05-12";30
"2007-05-13";30
"2007-05-14";30
"2007-05-15";30
"2007-05-16";30
"2007-05-17";30
"2007-05-18";30
"2007-05-19";30
"2007-05-20";30
"2007-05-21";31
"2007-05-22";31
"2007-05-23";31
"2007-05-24";31
"2007-05-25";31
"2007-05-26";31
"2007-05-27";31
"2007-05-28";31
"2007-05-29";31
"2007-05-30";31
"2007-05-31";31
"2007-06-01";31
"2007-06-02";31
"2007-06-03";31
"2007-06-04";32
"2007-06-05";32
"2007-06-06";32
"2007-06-07";32
"2007-06-08";32
"2007-06-09";32
"2007-06-10";32
"2007-06-11";32
"2007-06-12";32
"2007-06-13";32
"2007-06-14";34
"2007-06-15";34
"2007-06-16";34
"2007-06-17";34
"2007-06-18";34
"2007-06-19";34
"2007-06-20";34
"2007-06-21";34
"2007-06-22";35
"2007-06-23";35
"2007-06-24";35
"2007-06-25";35
"2007-06-26";35
"2007-06-27";35
"2007-06-28";35
"2007-06-29";35
"2007-06-30";35
"2007-07-01";35
"2007-07-02";35
"2007-07-03";35
"2007-07-04";35
"2007-07-05";35
"2007-07-06";35
"2007-07-07";35
"2007-07-08";35
"2007-07-09";35
"2007-07-10";35
"2007-07-11";35
"2007-07-12";35
"2007-07-13";35
"2007-07-14";35
"2007-07-15";35
"2007-07-16";35
"2007-07-17";35
"2007-07-18";35
"2007-07-19";35
"2007-07-20";35
"2007-07-21";35
"2007-07-22";35
"2007-07-23";35
"2007-07-24";35
"2007-07-25";35
"2007-07-26";35
"2007-07-27";35
"2007-07-28";35
"2007-07-29";35
"2007-07-30";35
"2007-07-31";35
"2007-08-01";35
"2007-08-02";35
"2007-08-03";35
"2007-08-04";35
"2007-08-05";35
"2007-08-06";35
"2007-08-07";35
"2007-08-08";35
"2007-08-09";35
"2007-08-10";35
"2007-08-11";35
"2007-08-12";35
"2007-08-13";35
"2007-08-14";35
"2007-08-15";35
"2007-08-16";35
"2007-08-17";35
"2007-08-18";35
"2007-08-19";35
"2007-08-20";35
"2007-08-21";35
"2007-08-22";35
"2007-08-23";35
"2007-08-24";35
"2007-08-25";35
"2007-08-26";35
"2007-08-27";35
"2007-08-28";35
"2007-08-29";35
"2007-08-30";35
"2007-08-31";35
"2007-09-01";35
"2007-09-02";35
"2007-09-03";35
"2007-09-04";35
"2007-09-05";35
"2007-09-06";35
"2007-09-07";35
"2007-09-08";35
"2007-09-09";35
"2007-09-10";35
"2007-09-11";35
"2007-09-12";35
"2007-09-13";35
"2007-09-14";35
"2007-09-15";35
"2007-09-16";35
"2007-09-17";35
"2007-09-18";35
"2007-09-19";35
"2007-09-20";36
"2007-09-21";36
"2007-09-22";36
"2007-09-23";36
"2007-09-24";36
"2007-09-25";36
"2007-09-26";36
"2007-09-27";36
"2007-09-28";37
"2007-09-29";37
"2007-09-30";37
"2007-10-01";37
"2007-10-02";37
"2007-10-03";37
"2007-10-04";37
"2007-10-05";37
"2007-10-06";37
"2007-10-07";38
"2007-10-08";38
"2007-10-09";38
"2007-10-10";38
"2007-10-11";38
"2007-10-12";38
"2007-10-13";38
"2007-10-14";38
"2007-10-15";38
"2007-10-16";38
"2007-10-17";38
"2007-10-18";38
"2007-10-19";38
"2007-10-20";38
"2007-10-21";38
"2007-10-22";38
"2007-10-23";38
"2007-10-24";38
"2007-10-25";38
"2007-10-26";38
"2007-10-27";38
"2007-10-28";38
"2007-10-29";38
"2007-10-30";38
"2007-10-31";38
"2007-11-01";38
"2007-11-02";38
"2007-11-03";38
"2007-11-04";38
"2007-11-05";38
"2007-11-06";38
"2007-11-07";38
"2007-11-08";38
"2007-11-09";38
"2007-11-10";38
"2007-11-11";38
"2007-11-12";38
"2007-11-13";38
"2007-11-14";38
"2007-11-15";41
"2007-11-16";41
"2007-11-17";41
"2007-11-18";41
"2007-11-19";41
"2007-11-20";43
"2007-11-21";43
"2007-11-22";43
"2007-11-23";43
"2007-11-24";43
"2007-11-25";43
"2007-11-26";44
"2007-11-27";44
"2007-11-28";44
"2007-11-29";44
"2007-11-30";46
"2007-12-01";48
"2007-12-02";48
"2007-12-03";48
"2007-12-04";48
"2007-12-05";48
"2007-12-06";48
"2007-12-07";48
"2007-12-08";48
"2007-12-09";48
"2007-12-10";48
"2007-12-11";48
"2007-12-12";48
"2007-12-13";48
"2007-12-14";48
"2007-12-15";48
"2007-12-16";48
"2007-12-17";48
"2007-12-18";48
"2007-12-19";48
"2007-12-20";48
"2007-12-21";48
"2007-12-22";48
"2007-12-23";48
"2007-12-24";48
"2007-12-25";48
"2007-12-26";48
"2007-12-27";48
"2007-12-28";48
"2007-12-29";48
"2007-12-30";48
"2007-12-31";48
"2008-01-01";49
"2008-01-02";49
"2008-01-03";49
"2008-01-04";49
"2008-01-05";49
"2008-01-06";49
"2008-01-07";49
"2008-01-08";49
"2008-01-09";49
"2008-01-10";49
"2008-01-11";49
"2008-01-12";49
"2008-01-13";49
"2008-01-14";49
"2008-01-15";49
"2008-01-16";49
"2008-01-17";49
"2008-01-18";49
"2008-01-19";49
"2008-01-20";49
"2008-01-21";49
"2008-01-22";49
"2008-01-23";49
"2008-01-24";49
"2008-01-25";49
"2008-01-26";49
"2008-01-27";49
"2008-01-28";49
"2008-01-29";50
"2008-01-30";50
"2008-01-31";50
"2008-02-01";50
"2008-02-02";50
"2008-02-03";50
"2008-02-04";50
"2008-02-05";50
"2008-02-06";50
"2008-02-07";50
"2008-02-08";50
"2008-02-09";50
"2008-02-10";50
"2008-02-11";50
"2008-02-12";50
"2008-02-13";50
"2008-02-14";50
"2008-02-15";50
"2008-02-16";50
"2008-02-17";50
"2008-02-18";50
"2008-02-19";50
"2008-02-20";50
"2008-02-21";51
"2008-02-22";51
"2008-02-23";51
"2008-02-24";51
"2008-02-25";51
"2008-02-26";51
"2008-02-27";51
"2008-02-28";51
"2008-02-29";51
"2008-03-01";51
"2008-03-02";51
"2008-03-03";51
"2008-03-04";51
"2008-03-05";51
"2008-03-06";51
"2008-03-07";51
"2008-03-08";51
"2008-03-09";51
"2008-03-10";51
"2008-03-11";51
"2008-03-12";51
"2008-03-13";51
"2008-03-14";51
"2008-03-15";51
"2008-03-16";51
"2008-03-17";51
"2008-03-18";51
"2008-03-19";51
"2008-03-20";52
"2008-03-21";52
"2008-03-22";52
"2008-03-23";52
"2008-03-24";52
"2008-03-25";52
"2008-03-26";52
"2008-03-27";52
"2008-03-28";52
"2008-03-29";52
"2008-03-30";52
"2008-03-31";53
"2008-04-01";53
"2008-04-02";53
"2008-04-03";53
"2008-04-04";53
"2008-04-05";53
"2008-04-06";53
"2008-04-07";53
"2008-04-08";53
"2008-04-09";53
"2008-04-10";53
"2008-04-11";53
"2008-04-12";53
"2008-04-13";53
"2008-04-14";53
"2008-04-15";53
"2008-04-16";53
"2008-04-17";53
"2008-04-18";53
"2008-04-19";54
"2008-04-20";54
"2008-04-21";54
"2008-04-22";54
"2008-04-23";54
"2008-04-24";55
"2008-04-25";55
"2008-04-26";55
"2008-04-27";55
"2008-04-28";55
"2008-04-29";55
"2008-04-30";55
"2008-05-01";55
"2008-05-02";55
"2008-05-03";55
"2008-05-04";55
"2008-05-05";55
"2008-05-06";55
"2008-05-07";55
"2008-05-08";55
"2008-05-09";55
"2008-05-10";55
"2008-05-11";55
"2008-05-12";55
"2008-05-13";55
"2008-05-14";55
"2008-05-15";55
"2008-05-16";55
"2008-05-17";55
"2008-05-18";55
"2008-05-19";55
"2008-05-20";55
"2008-05-21";55
"2008-05-22";55
"2008-05-23";55
"2008-05-24";55
"2008-05-25";56
"2008-05-26";57
"2008-05-27";57
"2008-05-28";57
"2008-05-29";57
"2008-05-30";58
"2008-05-31";59
"2008-06-01";60
"2008-06-02";60
"2008-06-03";60
"2008-06-04";60
"2008-06-05";60
"2008-06-06";60
"2008-06-07";60
"2008-06-08";60
"2008-06-09";60
"2008-06-10";60
"2008-06-11";60
"2008-06-12";60
"2008-06-13";60
"2008-06-14";60
"2008-06-15";60
"2008-06-16";60
"2008-06-17";60
"2008-06-18";61
"2008-06-19";61
"2008-06-20";61
"2008-06-21";61
"2008-06-22";61
"2008-06-23";61
"2008-06-24";61
"2008-06-25";61
"2008-06-26";61
"2008-06-27";61
"2008-06-28";61
"2008-06-29";61
"2008-06-30";61
"2008-07-01";61
"2008-07-02";61
"2008-07-03";61
"2008-07-04";61
"2008-07-05";61
"2008-07-06";61
"2008-07-07";61
"2008-07-08";61
"2008-07-09";61
"2008-07-10";61
"2008-07-11";61
"2008-07-12";61
"2008-07-13";61
"2008-07-14";61
"2008-07-15";61
"2008-07-16";61
"2008-07-17";61
"2008-07-18";61
"2008-07-19";61
"2008-07-20";61
"2008-07-21";61
"2008-07-22";61
"2008-07-23";61
"2008-07-24";61
"2008-07-25";62
"2008-07-26";62
"2008-07-27";62
"2008-07-28";62
"2008-07-29";62
"2008-07-30";62
"2008-07-31";62
"2008-08-01";62
"2008-08-02";62
"2008-08-03";62
"2008-08-04";62
"2008-08-05";62
"2008-08-06";62
"2008-08-07";62
"2008-08-08";62
"2008-08-09";62
"2008-08-10";62
"2008-08-11";62
"2008-08-12";62
"2008-08-13";62
"2008-08-14";62
"2008-08-15";62
"2008-08-16";62
"2008-08-17";62
"2008-08-18";62
"2008-08-19";62
"2008-08-20";62
"2008-08-21";62
"2008-08-22";62
"2008-08-23";62
"2008-08-24";62
"2008-08-25";62
"2008-08-26";62
"2008-08-27";62
"2008-08-28";62
"2008-08-29";62
"2008-08-30";62
"2008-08-31";62
"2008-09-01";62
"2008-09-02";62
"2008-09-03";62
"2008-09-04";62
"2008-09-05";62
"2008-09-06";62
"2008-09-07";62
"2008-09-08";62
"2008-09-09";62
"2008-09-10";62
"2008-09-11";62
"2008-09-12";62
"2008-09-13";62
"2008-09-14";62
"2008-09-15";62
"2008-09-16";62
"2008-09-17";62
"2008-09-18";62
"2008-09-19";62
"2008-09-20";62
"2008-09-21";62
"2008-09-22";62
"2008-09-23";62
"2008-09-24";62
"2008-09-25";62
"2008-09-26";62
"2008-09-27";62
"2008-09-28";62
"2008-09-29";62
"2008-09-30";62
"2008-10-01";62
"2008-10-02";62
"2008-10-03";62
"2008-10-04";62
"2008-10-05";62
"2008-10-06";62
"2008-10-07";62
"2008-10-08";62
"2008-10-09";62
"2008-10-10";62
"2008-10-11";62
"2008-10-12";62
"2008-10-13";62
"2008-10-14";62
"2008-10-15";62
"2008-10-16";62
"2008-10-17";62
"2008-10-18";62
"2008-10-19";62
"2008-10-20";62
"2008-10-21";62
"2008-10-22";62
"2008-10-23";62
"2008-10-24";62
"2008-10-25";62
"2008-10-26";62
"2008-10-27";62
"2008-10-28";62
"2008-10-29";62
"2008-10-30";62
"2008-10-31";62
"2008-11-01";63
"2008-11-02";63
"2008-11-03";63
"2008-11-04";63
"2008-11-05";63
"2008-11-06";63
"2008-11-07";63
"2008-11-08";63
"2008-11-09";63
"2008-11-10";63
"2008-11-11";63
"2008-11-12";63
"2008-11-13";63
"2008-11-14";63
"2008-11-15";63
"2008-11-16";63
"2008-11-17";63
"2008-11-18";63
"2008-11-19";63
"2008-11-20";63
"2008-11-21";63
"2008-11-22";63
"2008-11-23";63
"2008-11-24";63
"2008-11-25";63
"2008-11-26";63
"2008-11-27";63
"2008-11-28";63
"2008-11-29";63
"2008-11-30";63
"2008-12-01";64
"2008-12-02";64
"2008-12-03";64
"2008-12-04";64
"2008-12-05";64
"2008-12-06";64
"2008-12-07";64
"2008-12-08";64
"2008-12-09";64
"2008-12-10";64
"2008-12-11";64
"2008-12-12";64
"2008-12-13";64
"2008-12-14";64
"2008-12-15";64
"2008-12-16";64
"2008-12-17";64
"2008-12-18";64
"2008-12-19";64
"2008-12-20";64
"2008-12-21";64
"2008-12-22";64
"2008-12-23";64
"2008-12-24";64
"2008-12-25";64
"2008-12-26";64
"2008-12-27";64
"2008-12-28";64
"2008-12-29";64
"2008-12-30";64
"2008-12-31";64
"2009-01-01";65
"2009-01-02";65
"2009-01-03";65
"2009-01-04";65
"2009-01-05";65
"2009-01-06";65
"2009-01-07";65
"2009-01-08";65
"2009-01-09";65
"2009-01-10";65
"2009-01-11";65
"2009-01-12";65
"2009-01-13";65
"2009-01-14";65
"2009-01-15";65
"2009-01-16";65
"2009-01-17";65
"2009-01-18";65
"2009-01-19";65
"2009-01-20";65
"2009-01-21";65
"2009-01-22";65
"2009-01-23";65
"2009-01-24";65
"2009-01-25";65
"2009-01-26";65
"2009-01-27";65
"2009-01-28";65
"2009-01-29";65
"2009-01-30";65
"2009-01-31";65
"2009-02-01";65
"2009-02-02";66
"2009-02-03";66
"2009-02-04";66
"2009-02-05";66
"2009-02-06";66
"2009-02-07";66
"2009-02-08";66
"2009-02-09";66
"2009-02-10";66
"2009-02-11";66
"2009-02-12";66
"2009-02-13";66
"2009-02-14";66
"2009-02-15";66
"2009-02-16";66
"2009-02-17";66
"2009-02-18";66
"2009-02-19";66
"2009-02-20";66
"2009-02-21";66
"2009-02-22";66
"2009-02-23";66
"2009-02-24";66
"2009-02-25";66
"2009-02-26";66
"2009-02-27";66
"2009-02-28";66
"2009-03-01";66
"2009-03-02";66
"2009-03-03";66
"2009-03-04";66
"2009-03-05";66
"2009-03-06";66
"2009-03-07";66
"2009-03-08";66
"2009-03-09";66
"2009-03-10";66
"2009-03-11";66
"2009-03-12";66
"2009-03-13";66
"2009-03-14";66
"2009-03-15";66
"2009-03-16";66
"2009-03-17";66
"2009-03-18";66
"2009-03-19";66
"2009-03-20";66
"2009-03-21";66
"2009-03-22";66
"2009-03-23";66
"2009-03-24";66
"2009-03-25";66
"2009-03-26";66
"2009-03-27";66
"2009-03-28";66
"2009-03-29";66
"2009-03-30";68
"2009-03-31";68
"2009-04-01";68
"2009-04-02";68
"2009-04-03";68
"2009-04-04";68
"2009-04-05";68
"2009-04-06";68
"2009-04-07";68
"2009-04-08";68
"2009-04-09";68
"2009-04-10";68
"2009-04-11";68
"2009-04-12";68
"2009-04-13";68
"2009-04-14";68
"2009-04-15";68
"2009-04-16";68
"2009-04-17";68
"2009-04-18";68
"2009-04-19";68
"2009-04-20";68
"2009-04-21";68
"2009-04-22";68
"2009-04-23";68
"2009-04-24";68
"2009-04-25";68
"2009-04-26";68
"2009-04-27";68
"2009-04-28";68
"2009-04-29";68
"2009-04-30";68
"2009-05-01";68
"2009-05-02";68
"2009-05-03";68
"2009-05-04";68
"2009-05-05";68
"2009-05-06";68
"2009-05-07";68
"2009-05-08";68
"2009-05-09";68
"2009-05-10";68
"2009-05-11";68
"2009-05-12";68
"2009-05-13";68
"2009-05-14";68
"2009-05-15";68
"2009-05-16";68
"2009-05-17";68
"2009-05-18";68
"2009-05-19";68
"2009-05-20";68
"2009-05-21";68
"2009-05-22";68
"2009-05-23";68
"2009-05-24";68
"2009-05-25";68
"2009-05-26";68
"2009-05-27";68
"2009-05-28";68
"2009-05-29";68
"2009-05-30";68
"2009-05-31";68
"2009-06-01";69
"2009-06-02";69
"2009-06-03";69
"2009-06-04";69
"2009-06-05";70
"2009-06-06";70
"2009-06-07";70
"2009-06-08";70
"2009-06-09";70
"2009-06-10";70
"2009-06-11";71
"2009-06-12";72
"2009-06-13";72
"2009-06-14";72
"2009-06-15";72
"2009-06-16";72
"2009-06-17";72
"2009-06-18";72
"2009-06-19";72
"2009-06-20";72
"2009-06-21";72
"2009-06-22";72
"2009-06-23";72
"2009-06-24";72
"2009-06-25";72
"2009-06-26";72
"2009-06-27";72
"2009-06-28";72
"2009-06-29";72
"2009-06-30";72
"2009-07-01";72
"2009-07-02";72
"2009-07-03";72
"2009-07-04";72
"2009-07-05";72
"2009-07-06";73
"2009-07-07";73
"2009-07-08";73
"2009-07-09";73
"2009-07-10";73
"2009-07-11";73
"2009-07-12";73
"2009-07-13";73
"2009-07-14";73
"2009-07-15";73
"2009-07-16";73
"2009-07-17";73
"2009-07-18";73
"2009-07-19";73
"2009-07-20";75
"2009-07-21";75
"2009-07-22";75
"2009-07-23";75
"2009-07-24";75
"2009-07-25";75
"2009-07-26";75
"2009-07-27";75
"2009-07-28";75
"2009-07-29";75
"2009-07-30";75
"2009-07-31";75
"2009-08-01";75
"2009-08-02";75
"2009-08-03";75
"2009-08-04";75
"2009-08-05";75
"2009-08-06";75
"2009-08-07";75
"2009-08-08";75
"2009-08-09";76
"2009-08-10";76
"2009-08-11";76
"2009-08-12";76
"2009-08-13";76
"2009-08-14";76
"2009-08-15";76
"2009-08-16";76
"2009-08-17";76
"2009-08-18";76
"2009-08-19";76
"2009-08-20";76
"2009-08-21";76
"2009-08-22";76
"2009-08-23";76
"2009-08-24";76
"2009-08-25";76
"2009-08-26";76
"2009-08-27";76
"2009-08-28";76
"2009-08-29";76
"2009-08-30";76
"2009-08-31";76
"2009-09-01";76
"2009-09-02";76
"2009-09-03";76
"2009-09-04";76
"2009-09-05";76
"2009-09-06";76
"2009-09-07";76
"2009-09-08";76
"2009-09-09";76
"2009-09-10";76
"2009-09-11";76
"2009-09-12";76
"2009-09-13";76
"2009-09-14";76
"2009-09-15";76
"2009-09-16";76
"2009-09-17";76
"2009-09-18";76
"2009-09-19";76
"2009-09-20";76
"2009-09-21";76
"2009-09-22";76
"2009-09-23";76
"2009-09-24";76
"2009-09-25";76
"2009-09-26";76
"2009-09-27";76
"2009-09-28";76
"2009-09-29";76
"2009-09-30";76
"2009-10-01";76
"2009-10-02";76
"2009-10-03";76
"2009-10-04";76
"2009-10-05";76
"2009-10-06";76
"2009-10-07";76
"2009-10-08";76
"2009-10-09";76
"2009-10-10";76
"2009-10-11";76
"2009-10-12";76
"2009-10-13";76
"2009-10-14";76
"2009-10-15";76
"2009-10-16";76
"2009-10-17";76
"2009-10-18";76
"2009-10-19";76
"2009-10-20";76
"2009-10-21";76
"2009-10-22";76
"2009-10-23";76
"2009-10-24";76
"2009-10-25";76
"2009-10-26";76
"2009-10-27";76
"2009-10-28";76
"2009-10-29";76
"2009-10-30";76
"2009-10-31";76
"2009-11-01";76
"2009-11-02";76
"2009-11-03";76
"2009-11-04";76
"2009-11-05";76
"2009-11-06";76
"2009-11-07";76
"2009-11-08";76
"2009-11-09";76
"2009-11-10";76
"2009-11-11";76
"2009-11-12";76
"2009-11-13";76
"2009-11-14";76
"2009-11-15";76
"2009-11-16";76
"2009-11-17";76
"2009-11-18";76
"2009-11-19";76
"2009-11-20";76
"2009-11-21";76
"2009-11-22";76
"2009-11-23";76
"2009-11-24";76
"2009-11-25";76
"2009-11-26";76
"2009-11-27";76
"2009-11-28";76
"2009-11-29";76
"2009-11-30";76
"2009-12-01";78
"2009-12-02";78
"2009-12-03";78
"2009-12-04";78
"2009-12-05";78
"2009-12-06";78
"2009-12-07";78
"2009-12-08";78
"2009-12-09";78
"2009-12-10";78
"2009-12-11";78
"2009-12-12";78
"2009-12-13";78
"2009-12-14";78
"2009-12-15";78
"2009-12-16";78
"2009-12-17";78
"2009-12-18";78
"2009-12-19";78
"2009-12-20";78
"2009-12-21";78
"2009-12-22";79
"2009-12-23";79
"2009-12-24";79
"2009-12-25";79
"2009-12-26";79
"2009-12-27";81
"2009-12-28";81
"2009-12-29";81
"2009-12-30";81
"2009-12-31";81
"2010-01-01";83
"2010-01-02";83
"2010-01-03";83
"2010-01-04";83
"2010-01-05";83
"2010-01-06";83
"2010-01-07";83
"2010-01-08";83
"2010-01-09";83
"2010-01-10";83
"2010-01-11";84
"2010-01-12";84
"2010-01-13";84
"2010-01-14";84
"2010-01-15";84
"2010-01-16";85
"2010-01-17";85
"2010-01-18";85
"2010-01-19";85
"2010-01-20";85
"2010-01-21";85
"2010-01-22";85
"2010-01-23";86
"2010-01-24";86
"2010-01-25";86
"2010-01-26";86
"2010-01-27";86
"2010-01-28";86
"2010-01-29";87
"2010-01-30";87
"2010-01-31";87
"2010-02-01";87
"2010-02-02";87
"2010-02-03";88
"2010-02-04";89
"2010-02-05";89
"2010-02-06";89
"2010-02-07";89
"2010-02-08";89
"2010-02-09";89
"2010-02-10";89
"2010-02-11";89
"2010-02-12";89
"2010-02-13";92
"2010-02-14";92
"2010-02-15";92
"2010-02-16";92
"2010-02-17";92
"2010-02-18";92
"2010-02-19";92
"2010-02-20";92
"2010-02-21";92
"2010-02-22";92
"2010-02-23";92
"2010-02-24";92
"2010-02-25";92
"2010-02-26";92
"2010-02-27";92
"2010-02-28";92
"2010-03-01";92
"2010-03-02";92
"2010-03-03";92
"2010-03-04";92
"2010-03-05";92
"2010-03-06";92
"2010-03-07";92
"2010-03-08";92
"2010-03-09";92
"2010-03-10";92
"2010-03-11";92
"2010-03-12";92
"2010-03-13";92
"2010-03-14";92
"2010-03-15";92
"2010-03-16";92
"2010-03-17";92
"2010-03-18";92
"2010-03-19";92
"2010-03-20";92
"2010-03-21";92
"2010-03-22";92
"2010-03-23";93
"2010-03-24";93
"2010-03-25";93
"2010-03-26";93
"2010-03-27";93
"2010-03-28";93
"2010-03-29";93
"2010-03-30";93
"2010-03-31";93
"2010-04-01";93
"2010-04-02";93
"2010-04-03";93
"2010-04-04";93
"2010-04-05";93
"2010-04-06";93
"2010-04-07";93
"2010-04-08";93
"2010-04-09";93
"2010-04-10";93
"2010-04-11";96
"2010-04-12";96
"2010-04-13";98
"2010-04-14";98
"2010-04-15";102
"2010-04-16";102
"2010-04-17";103
"2010-04-18";103
"2010-04-19";103
"2010-04-20";103
"2010-04-21";103
"2010-04-22";105
"2010-04-23";105
"2010-04-24";106
"2010-04-25";106
"2010-04-26";106
"2010-04-27";106
"2010-04-28";106
"2010-04-29";106
"2010-04-30";106
"2010-05-01";107
"2010-05-02";107
"2010-05-03";108
"2010-05-04";108
"2010-05-05";108
"2010-05-06";108
"2010-05-07";108
"2010-05-08";108
"2010-05-09";108
"2010-05-10";109
"2010-05-11";109
"2010-05-12";109
"2010-05-13";109
"2010-05-14";109
"2010-05-15";109
"2010-05-16";109
"2010-05-17";109
"2010-05-18";113
"2010-05-19";114
"2010-05-20";117
"2010-05-21";117
"2010-05-22";117
"2010-05-23";117
"2010-05-24";117
"2010-05-25";117
"2010-05-26";117
"2010-05-27";120
"2010-05-28";125
"2010-05-29";125
"2010-05-30";125
"2010-05-31";126
"2010-06-01";126
"2010-06-02";127
"2010-06-03";130
"2010-06-04";134
"2010-06-05";134
"2010-06-06";134
"2010-06-07";134
"2010-06-08";134
"2010-06-09";134
"2010-06-10";136
"2010-06-11";139
"2010-06-12";139
"2010-06-13";139
"2010-06-14";139
"2010-06-15";139
"2010-06-16";139
"2010-06-17";139
"2010-06-18";139
"2010-06-19";139
"2010-06-20";139
"2010-06-21";139
"2010-06-22";149
"2010-06-23";149
"2010-06-24";149
"2010-06-25";152
"2010-06-26";152
"2010-06-27";152
"2010-06-28";152
"2010-06-29";152
"2010-06-30";152
"2010-07-01";154
"2010-07-02";154
"2010-07-03";154
"2010-07-04";160
"2010-07-05";160
"2010-07-06";160
"2010-07-07";160
"2010-07-08";160
"2010-07-09";160
"2010-07-10";160
"2010-07-11";160
"2010-07-12";160
"2010-07-13";160
"2010-07-14";160
"2010-07-15";160
"2010-07-16";160
"2010-07-17";160
"2010-07-18";160
"2010-07-19";165
"2010-07-20";165
"2010-07-21";165
"2010-07-22";168
"2010-07-23";168
"2010-07-24";168
"2010-07-25";168
"2010-07-26";168
"2010-07-27";168
"2010-07-28";168
"2010-07-29";168
"2010-07-30";168
"2010-07-31";168
"2010-08-01";168
"2010-08-02";168
"2010-08-03";169
"2010-08-04";169
"2010-08-05";169
"2010-08-06";169
"2010-08-07";169
"2010-08-08";169
"2010-08-09";169
"2010-08-10";169
"2010-08-11";169
"2010-08-12";169
"2010-08-13";169
"2010-08-14";169
"2010-08-15";169
"2010-08-16";169
"2010-08-17";169
"2010-08-18";169
"2010-08-19";169
"2010-08-20";169
"2010-08-21";169
"2010-08-22";169
"2010-08-23";169
"2010-08-24";169
"2010-08-25";169
"2010-08-26";169
"2010-08-27";169
"2010-08-28";174
"2010-08-29";174
"2010-08-30";175
"2010-08-31";175
"2010-09-01";176
"2010-09-02";177
"2010-09-03";178
"2010-09-04";178
"2010-09-05";178
"2010-09-06";179
"2010-09-07";179
"2010-09-08";179
"2010-09-09";179
"2010-09-10";179
"2010-09-11";182
"2010-09-12";182
"2010-09-13";182
"2010-09-14";182
"2010-09-15";182
"2010-09-16";182
"2010-09-17";182
"2010-09-18";182
"2010-09-19";187
"2010-09-20";187
"2010-09-21";187
"2010-09-22";187
"2010-09-23";187
"2010-09-24";187
"2010-09-25";187
"2010-09-26";187
"2010-09-27";187
"2010-09-28";187
"2010-09-29";188
"2010-09-30";188
"2010-10-01";188
"2010-10-02";188
"2010-10-03";188
"2010-10-04";189
"2010-10-05";192
"2010-10-06";193
"2010-10-07";193
"2010-10-08";193
"2010-10-09";194
"2010-10-10";194
"2010-10-11";194
"2010-10-12";194
"2010-10-13";194
"2010-10-14";194
"2010-10-15";194
"2010-10-16";194
"2010-10-17";194
"2010-10-18";194
"2010-10-19";194
"2010-10-20";194
"2010-10-21";194
"2010-10-22";196
"2010-10-23";199
"2010-10-24";199
"2010-10-25";199
"2010-10-26";199
"2010-10-27";200
"2010-10-28";200
"2010-10-29";200
"2010-10-30";201
"2010-10-31";201
"2010-11-01";201
"2010-11-02";201
"2010-11-03";201
"2010-11-04";201
"2010-11-05";201
"2010-11-06";202
"2010-11-07";202
"2010-11-08";202
"2010-11-09";202
"2010-11-10";202
"2010-11-11";202
"2010-11-12";202
"2010-11-13";202
"2010-11-14";202
"2010-11-15";202
"2010-11-16";202
"2010-11-17";202
"2010-11-18";202
"2010-11-19";202
"2010-11-20";202
"2010-11-21";202
"2010-11-22";202
"2010-11-23";202
"2010-11-24";202
"2010-11-25";203
"2010-11-26";203
"2010-11-27";203
"2010-11-28";203
"2010-11-29";203
"2010-11-30";203
"2010-12-01";209
"2010-12-02";209
"2010-12-03";211
"2010-12-04";211
"2010-12-05";211
"2010-12-06";211
"2010-12-07";211
"2010-12-08";211
"2010-12-09";211
"2010-12-10";211
"2010-12-11";211
"2010-12-12";211
"2010-12-13";211
"2010-12-14";211
"2010-12-15";211
"2010-12-16";212
"2010-12-17";212
"2010-12-18";212
"2010-12-19";220
"2010-12-20";222
"2010-12-21";222
"2010-12-22";223
"2010-12-23";225
"2010-12-24";226
"2010-12-25";228
"2010-12-26";228
"2010-12-27";229
"2010-12-28";230
"2010-12-29";230
"2010-12-30";230
"2010-12-31";230
"2011-01-01";233
"2011-01-02";233
"2011-01-03";233
"2011-01-04";233
"2011-01-05";233
"2011-01-06";234
"2011-01-07";234
"2011-01-08";234
"2011-01-09";234
"2011-01-10";234
"2011-01-11";235
"2011-01-12";235
"2011-01-13";236
"2011-01-14";236
"2011-01-15";237
"2011-01-16";237
"2011-01-17";237
"2011-01-18";237
"2011-01-19";237
"2011-01-20";237
"2011-01-21";237
"2011-01-22";237
"2011-01-23";237
"2011-01-24";237
"2011-01-25";237
"2011-01-26";237
"2011-01-27";237
"2011-01-28";237
"2011-01-29";237
"2011-01-30";237
"2011-01-31";238
"2011-02-01";238
"2011-02-02";238
"2011-02-03";238
"2011-02-04";238
"2011-02-05";238
"2011-02-06";238
"2011-02-07";239
"2011-02-08";242
"2011-02-09";244
"2011-02-10";251
"2011-02-11";251
"2011-02-12";253
"2011-02-13";261
"2011-02-14";272
"2011-02-15";279
"2011-02-16";288
"2011-02-17";296
"2011-02-18";296
"2011-02-19";297
"2011-02-20";306
"2011-02-21";308
"2011-02-22";311
"2011-02-23";312
"2011-02-24";314
"2011-02-25";323
"2011-02-26";325
"2011-02-27";326
"2011-02-28";326
"2011-03-01";326
"2011-03-02";327
"2011-03-03";334
"2011-03-04";335
"2011-03-05";336
"2011-03-06";336
"2011-03-07";337
"2011-03-08";341
"2011-03-09";342
"2011-03-10";343
"2011-03-11";343
"2011-03-12";343
"2011-03-13";345
"2011-03-14";345
"2011-03-15";346
"2011-03-16";346
"2011-03-17";347
"2011-03-18";348
"2011-03-19";349
"2011-03-20";349
"2011-03-21";349
"2011-03-22";349
"2011-03-23";351
"2011-03-24";352
"2011-03-25";354
"2011-03-26";354
"2011-03-27";355
"2011-03-28";355
"2011-03-29";356
"2011-03-30";357
"2011-03-31";357
"2011-04-01";358
"2011-04-02";360
"2011-04-03";361
"2011-04-04";361
"2011-04-05";361
"2011-04-06";361
"2011-04-07";362
"2011-04-08";363
"2011-04-09";363
"2011-04-10";363
"2011-04-11";364
"2011-04-12";364
"2011-04-13";366
"2011-04-14";368
"2011-04-15";369
"2011-04-16";369
"2011-04-17";369
"2011-04-18";369
"2011-04-19";370
"2011-04-20";371
"2011-04-21";372
"2011-04-22";373
"2011-04-23";374
"2011-04-24";376
"2011-04-25";377
"2011-04-26";377
"2011-04-27";377
"2011-04-28";377
"2011-04-29";377
"2011-04-30";378
"2011-05-01";380
"2011-05-02";381
"2011-05-03";383
"2011-05-04";383
"2011-05-05";384
"2011-05-06";386
"2011-05-07";386
"2011-05-08";387
"2011-05-09";388
"2011-05-10";389
"2011-05-11";389
"2011-05-12";390
"2011-05-13";390
"2011-05-14";392
"2011-05-15";392
"2011-05-16";393
"2011-05-17";394
"2011-05-18";394
"2011-05-19";396
"2011-05-20";398
"2011-05-21";398
"2011-05-22";398
"2011-05-23";399
"2011-05-24";400
"2011-05-25";400
"2011-05-26";400
"2011-05-27";400
"2011-05-28";400
"2011-05-29";400
"2011-05-30";401
"2011-05-31";403
"2011-06-01";403
"2011-06-02";404
"2011-06-03";405
"2011-06-04";406
"2011-06-05";407
"2011-06-06";408
"2011-06-07";409
"2011-06-08";411
"2011-06-09";411
"2011-06-10";412
"2011-06-11";412
"2011-06-12";412
"2011-06-13";414
"2011-06-14";414
"2011-06-15";414
"2011-06-16";414
"2011-06-17";415
"2011-06-18";416
"2011-06-19";416
"2011-06-20";417
"2011-06-21";419
"2011-06-22";421
"2011-06-23";421
"2011-06-24";424
"2011-06-25";425
"2011-06-26";429
"2011-06-27";430
"2011-06-28";430
"2011-06-29";430
"2011-06-30";432
"2011-07-01";432
"2011-07-02";433
"2011-07-03";433
"2011-07-04";434
"2011-07-05";437
"2011-07-06";438
"2011-07-07";440
"2011-07-08";441
"2011-07-09";441
"2011-07-10";442
"2011-07-11";444
"2011-07-12";446
"2011-07-13";447
"2011-07-14";448
"2011-07-15";449
"2011-07-16";451
"2011-07-17";451
"2011-07-18";453
"2011-07-19";453
"2011-07-20";455
"2011-07-21";456
"2011-07-22";457
"2011-07-23";457
"2011-07-24";458
"2011-07-25";459
"2011-07-26";461
"2011-07-27";462
"2011-07-28";463
"2011-07-29";464
"2011-07-30";465
"2011-07-31";465
"2011-08-01";466
"2011-08-02";467
"2011-08-03";467
"2011-08-04";472
"2011-08-05";473
"2011-08-06";476
"2011-08-07";479
"2011-08-08";482
"2011-08-09";482
"2011-08-10";485
"2011-08-11";487
"2011-08-12";489
"2011-08-13";491
"2011-08-14";491
"2011-08-15";492
"2011-08-16";493
"2011-08-17";493
"2011-08-18";493
"2011-08-19";495
"2011-08-20";496
"2011-08-21";496
"2011-08-22";497
"2011-08-23";498
"2011-08-24";498
"2011-08-25";501
"2011-08-26";504
"2011-08-27";506
"2011-08-28";510
"2011-08-29";510
"2011-08-30";511
"2011-08-31";512
"2011-09-01";514
"2011-09-02";515
"2011-09-03";515
"2011-09-04";516
"2011-09-05";518
"2011-09-06";520
"2011-09-07";524
"2011-09-08";525
"2011-09-09";526
"2011-09-10";526
"2011-09-11";526
"2011-09-12";527
"2011-09-13";528
"2011-09-14";529
"2011-09-15";530
"2011-09-16";532
"2011-09-17";534
"2011-09-18";534
"2011-09-19";535
"2011-09-20";541
"2011-09-21";545
"2011-09-22";547
"2011-09-23";550
"2011-09-24";551
"2011-09-25";552
"2011-09-26";553
"2011-09-27";557
"2011-09-28";559
"2011-09-29";564
"2011-09-30";565
"2011-10-01";568
"2011-10-02";568
"2011-10-03";570
"2011-10-04";573
"2011-10-05";576
"2011-10-06";576
"2011-10-07";576
"2011-10-08";578
"2011-10-09";582
"2011-10-10";588
"2011-10-11";591
"2011-10-12";595
"2011-10-13";597
"2011-10-14";600
"2011-10-15";603
"2011-10-16";605
"2011-10-17";606
"2011-10-18";608
"2011-10-19";609
"2011-10-20";610
"2011-10-21";615
"2011-10-22";616
"2011-10-23";618
"2011-10-24";621
"2011-10-25";622
"2011-10-26";625
"2011-10-27";630
"2011-10-28";631
"2011-10-29";633
"2011-10-30";635
"2011-10-31";637
"2011-11-01";637
"2011-11-02";640
"2011-11-03";642
"2011-11-04";654
"2011-11-05";663
"2011-11-06";665
"2011-11-07";667
"2011-11-08";669
"2011-11-09";673
"2011-11-10";673
"2011-11-11";677
"2011-11-12";680
"2011-11-13";681
"2011-11-14";686
"2011-11-15";690
"2011-11-16";691
"2011-11-17";692
"2011-11-18";692
"2011-11-19";692
"2011-11-20";693
"2011-11-21";696
"2011-11-22";697
"2011-11-23";698
"2011-11-24";699
"2011-11-25";703
"2011-11-26";704
"2011-11-27";707
"2011-11-28";711
"2011-11-29";712
"2011-11-30";715
"2011-12-01";715
"2011-12-02";716
"2011-12-03";719
"2011-12-04";726
"2011-12-05";731
"2011-12-06";741
"2011-12-07";747
"2011-12-08";752
"2011-12-09";758
"2011-12-10";765
"2011-12-11";771
"2011-12-12";777
"2011-12-13";783
"2011-12-14";792
"2011-12-15";802
"2011-12-16";812
"2011-12-17";817
"2011-12-18";823
"2011-12-19";823
"2011-12-20";827
"2011-12-21";834
"2011-12-22";838
"2011-12-23";846
"2011-12-24";848
"2011-12-25";851
"2011-12-26";854
"2011-12-27";860
"2011-12-28";862
"2011-12-29";869
"2011-12-30";875
"2011-12-31";880
"2012-01-01";883
"2012-01-02";891
"2012-01-03";893
"2012-01-04";899
"2012-01-05";904
"2012-01-06";911
"2012-01-07";913
"2012-01-08";915
"2012-01-09";917
"2012-01-10";925
"2012-01-11";928
"2012-01-12";932
"2012-01-13";936
"2012-01-14";940
"2012-01-15";946
"2012-01-16";948
"2012-01-17";952
"2012-01-18";956
"2012-01-19";958
"2012-01-20";963
"2012-01-21";966
"2012-01-22";966
"2012-01-23";969
"2012-01-24";973
"2012-01-25";979
"2012-01-26";985
"2012-01-27";986
"2012-01-28";990
"2012-01-29";995
"2012-01-30";999
"2012-01-31";1000
"2012-02-01";1006
"2012-02-02";1009
"2012-02-03";1010
"2012-02-04";1014
"2012-02-05";1015
"2012-02-06";1016
"2012-02-07";1017
"2012-02-08";1019
"2012-02-09";1022
"2012-02-10";1027
"2012-02-11";1029
"2012-02-12";1029
"2012-02-13";1032
"2012-02-14";1035
"2012-02-15";1041
"2012-02-16";1046
"2012-02-17";1048
"2012-02-18";1051
"2012-02-19";1051
"2012-02-20";1068
"2012-02-21";1075
"2012-02-22";1080
"2012-02-23";1083
"2012-02-24";1096
"2012-02-25";1107
"2012-02-26";1117
"2012-02-27";1128
"2012-02-28";1135
"2012-02-29";1140
"2012-03-01";1147
"2012-03-02";1152
"2012-03-03";1162
"2012-03-04";1172
"2012-03-05";1184
"2012-03-06";1197
"2012-03-07";1208
"2012-03-08";1221
"2012-03-09";1235
"2012-03-10";1256
"2012-03-11";1271
"2012-03-12";1281
"2012-03-13";1294
"2012-03-14";1306
"2012-03-15";1308
"2012-03-16";1312
"2012-03-17";1316
"2012-03-18";1317
"2012-03-19";1319
"2012-03-20";1322
"2012-03-21";1328
"2012-03-22";1343
"2012-03-23";1347
"2012-03-24";1350
"2012-03-25";1356
"2012-03-26";1360
"2012-03-27";1366
"2012-03-28";1369
"2012-03-29";1371
"2012-03-30";1375
"2012-03-31";1377
"2012-04-01";1378
"2012-04-02";1380
"2012-04-03";1384
"2012-04-04";1387
"2012-04-05";1389
"2012-04-06";1391
"2012-04-07";1392
"2012-04-08";1393
"2012-04-09";1395
"2012-04-10";1396
"2012-04-11";1397
"2012-04-12";1401
"2012-04-13";1402
"2012-04-14";1403
"2012-04-15";1405
"2012-04-16";1406
"2012-04-17";1407
"2012-04-18";1411
"2012-04-19";1414
"2012-04-20";1416
"2012-04-21";1417
"2012-04-22";1424
"2012-04-23";1426
"2012-04-24";1426
"2012-04-25";1427
"2012-04-26";1430
"2012-04-27";1433
"2012-04-28";1433
"2012-04-29";1435
"2012-04-30";1437
"2012-05-01";1450
"2012-05-02";1455
"2012-05-03";1456
"2012-05-04";1457
"2012-05-05";1459
"2012-05-06";1465
"2012-05-07";1468
"2012-05-08";1469
"2012-05-09";1473
"2012-05-10";1475
"2012-05-11";1478
"2012-05-12";1479
"2012-05-13";1482
"2012-05-14";1489
"2012-05-15";1494
"2012-05-16";1494
"2012-05-17";1498
"2012-05-18";1502
"2012-05-19";1506
"2012-05-20";1507
"2012-05-21";1508
"2012-05-22";1510
"2012-05-23";1510
"2012-05-24";1511
"2012-05-25";1512
"2012-05-26";1518
"2012-05-27";1518
"2012-05-28";1521
"2012-05-29";1522
"2012-05-30";1523
"2012-05-31";1524
"2012-06-01";1525
"2012-06-02";1525
"2012-06-03";1526
"2012-06-04";1527
"2012-06-05";1527
"2012-06-06";1529
"2012-06-07";1532
"2012-06-08";1536
"2012-06-09";1538
"2012-06-10";1539
"2012-06-11";1544
"2012-06-12";1545
"2012-06-13";1548
"2012-06-14";1549
"2012-06-15";1552
"2012-06-16";1553
"2012-06-17";1554
"2012-06-18";1555
"2012-06-19";1557
"2012-06-20";1559
"2012-06-21";1561
"2012-06-22";1561
"2012-06-23";1563
"2012-06-24";1563
"2012-06-25";1564
"2012-06-26";1568
"2012-06-27";1568
"2012-06-28";1572
"2012-06-29";1572
"2012-06-30";1572
"2012-07-01";1574
"2012-07-02";1576
"2012-07-03";1578
"2012-07-04";1578
"2012-07-05";1580
"2012-07-06";1584
"2012-07-07";1584
"2012-07-08";1584
"2012-07-09";1584
"2012-07-10";1586
"2012-07-11";1586
"2012-07-12";1586
"2012-07-13";1586
"2012-07-14";1589
"2012-07-15";1590
"2012-07-16";1592
"2012-07-17";1598
"2012-07-18";1599
"2012-07-19";1600
"2012-07-20";1601
"2012-07-21";1601
"2012-07-22";1601
"2012-07-23";1602
"2012-07-24";1603
"2012-07-25";1606
"2012-07-26";1608
"2012-07-27";1608
"2012-07-28";1608
"2012-07-29";1610
"2012-07-30";1610
"2012-07-31";1613
"2012-08-01";1615
"2012-08-02";1615
"2012-08-03";1616
"2012-08-04";1616
"2012-08-05";1616
"2012-08-06";1616
"2012-08-07";1617
"2012-08-08";1617
"2012-08-09";1617
"2012-08-10";1617
"2012-08-11";1617
"2012-08-12";1618
"2012-08-13";1619
"2012-08-14";1620
"2012-08-15";1620
"2012-08-16";1622
"2012-08-17";1622
"2012-08-18";1624
"2012-08-19";1626
"2012-08-20";1626
"2012-08-21";1628
"2012-08-22";1628
"2012-08-23";1628
"2012-08-24";1628
"2012-08-25";1629
"2012-08-26";1630
"2012-08-27";1630
"2012-08-28";1634
"2012-08-29";1635
"2012-08-30";1635
"2012-08-31";1636
"2012-09-01";1636
"2012-09-02";1636
"2012-09-03";1639
"2012-09-04";1639
"2012-09-05";1641
"2012-09-06";1644
"2012-09-07";1647
"2012-09-08";1648
"2012-09-09";1651
"2012-09-10";1661
"2012-09-11";1664
"2012-09-12";1666
"2012-09-13";1668
"2012-09-14";1670
"2012-09-15";1674
"2012-09-16";1678
"2012-09-17";1679
"2012-09-18";1680
"2012-09-19";1681
"2012-09-20";1688
"2012-09-21";1692
"2012-09-22";1699
"2012-09-23";1703
"2012-09-24";1705
"2012-09-25";1707
"2012-09-26";1712
"2012-09-27";1718
"2012-09-28";1719
"2012-09-29";1733
"2012-09-30";1734
"2012-10-01";1736
"2012-10-02";1736
"2012-10-03";1740
"2012-10-04";1741
"2012-10-05";1745
"2012-10-06";1751
"2012-10-07";1756
"2012-10-08";1762
"2012-10-09";1764
"2012-10-10";1769
"2012-10-11";1785
"2012-10-12";1798
"2012-10-13";1811
"2012-10-14";1816
"2012-10-15";1827
"2012-10-16";1833
"2012-10-17";1840
"2012-10-18";1843
"2012-10-19";1846
"2012-10-20";1853
"2012-10-21";1855
"2012-10-22";1856
"2012-10-23";1859
"2012-10-24";1866
"2012-10-25";1870
"2012-10-26";1874
"2012-10-27";1877
"2012-10-28";1877
"2012-10-29";1877
"2012-10-30";1878
"2012-10-31";1880
"2012-11-01";1882
"2012-11-02";1889
"2012-11-03";1895
"2012-11-04";1899
"2012-11-05";1902
"2012-11-06";1906
"2012-11-07";1911
"2012-11-08";1915
"2012-11-09";1918
"2012-11-10";1923
"2012-11-11";1926
"2012-11-12";1931
"2012-11-13";1932
"2012-11-14";1938
"2012-11-15";1943
"2012-11-16";1945
"2012-11-17";1955
"2012-11-18";1966
"2012-11-19";1967
"2012-11-20";1971
"2012-11-21";1973
"2012-11-22";1995
"2012-11-23";1997
"2012-11-24";1999
"2012-11-25";2007
"2012-11-26";2012
"2012-11-27";2013
"2012-11-28";2016
"2012-11-29";2026
"2012-11-30";2029
"2012-12-01";2034
"2012-12-02";2035
"2012-12-03";2042
"2012-12-04";2047
"2012-12-05";2051
"2012-12-06";2054
"2012-12-07";2059
"2012-12-08";2062
"2012-12-09";2068
"2012-12-10";2069
"2012-12-11";2075
"2012-12-12";2083
"2012-12-13";2084
"2012-12-14";2084
"2012-12-15";2086
"2012-12-16";2088
"2012-12-17";2091
"2012-12-18";2093
"2012-12-19";2094
"2012-12-20";2094
"2012-12-21";2097
"2012-12-22";2097
"2012-12-23";2099
"2012-12-24";2099
"2012-12-25";2099
"2012-12-26";2103
"2012-12-27";2104
"2012-12-28";2106
"2012-12-29";2107
"2012-12-30";2107
"2012-12-31";2110
"2013-01-01";2113
"2013-01-02";2117
"2013-01-03";2120
"2013-01-04";2128
"2013-01-05";2132
"2013-01-06";2133
"2013-01-07";2143
"2013-01-08";2146
"2013-01-09";2147
"2013-01-10";2151
"2013-01-11";2154
"2013-01-12";2168
"2013-01-13";2172
"2013-01-14";2175
"2013-01-15";2178
"2013-01-16";2179
"2013-01-17";2186
"2013-01-18";2198
"2013-01-19";2210
"2013-01-20";2224
"2013-01-21";2234
"2013-01-22";2239
"2013-01-23";2255
"2013-01-24";2257
"2013-01-25";2264
"2013-01-26";2271
"2013-01-27";2281
"2013-01-28";2287
"2013-01-29";2292
"2013-01-30";2301
"2013-01-31";2301
"2013-02-01";2303
"2013-02-02";2309
"2013-02-03";2315
"2013-02-04";2319
"2013-02-05";2323
"2013-02-06";2324
"2013-02-07";2326
"2013-02-08";2331
"2013-02-09";2344
"2013-02-10";2348
"2013-02-11";2356
"2013-02-12";2362
"2013-02-13";2364
"2013-02-14";2367
"2013-02-15";2368
"2013-02-16";2374
"2013-02-17";2380
"2013-02-18";2386
"2013-02-19";2392
"2013-02-20";2398
"2013-02-21";2402
"2013-02-22";2405
"2013-02-23";2410
"2013-02-24";2420
"2013-02-25";2423
"2013-02-26";2427
"2013-02-27";2433
"2013-02-28";2436
"2013-03-01";2445
"2013-03-02";2451
"2013-03-03";2458
"2013-03-04";2462
"2013-03-05";2464
"2013-03-06";2465
"2013-03-07";2471
"2013-03-08";2475
"2013-03-09";2478
"2013-03-10";2486
"2013-03-11";2497
"2013-03-12";2505
"2013-03-13";2508
"2013-03-14";2512
"2013-03-15";2515
"2013-03-16";2517
"2013-03-17";2525
"2013-03-18";2531
"2013-03-19";2536
"2013-03-20";2547
"2013-03-21";2552
"2013-03-22";2555
"2013-03-23";2569
"2013-03-24";2573
"2013-03-25";2583
"2013-03-26";2589
"2013-03-27";2591
"2013-03-28";2595
"2013-03-29";2597
"2013-03-30";2602
"2013-03-31";2604
"2013-04-01";2610
"2013-04-02";2610
"2013-04-03";2618
"2013-04-04";2622
"2013-04-05";2630
"2013-04-06";2640
"2013-04-07";2643
"2013-04-08";2655
"2013-04-09";2659
"2013-04-10";2668
"2013-04-11";2670
"2013-04-12";2675
"2013-04-13";2691
"2013-04-14";2696
"2013-04-15";2700
"2013-04-16";2704
"2013-04-17";2707
"2013-04-18";2714
"2013-04-19";2721
"2013-04-20";2725
"2013-04-21";2738
"2013-04-22";2740
"2013-04-23";2743
"2013-04-24";2748
"2013-04-25";2760
"2013-04-26";2764
"2013-04-27";2765
"2013-04-28";2766
"2013-04-29";2775
"2013-04-30";2779
"2013-05-01";2781
"2013-05-02";2782
"2013-05-03";2789
"2013-05-04";2796
"2013-05-05";2801
"2013-05-06";2806
"2013-05-07";2811
"2013-05-08";2818
"2013-05-09";2822
"2013-05-10";2827
"2013-05-11";2832
"2013-05-12";2836
"2013-05-13";2840
"2013-05-14";2851
"2013-05-15";2855
"2013-05-16";2860
"2013-05-17";2865
"2013-05-18";2868
"2013-05-19";2876
"2013-05-20";2888
"2013-05-21";2893
"2013-05-22";2899
"2013-05-23";2902
"2013-05-24";2910
"2013-05-25";2915
"2013-05-26";2917
"2013-05-27";2924
"2013-05-28";2925
"2013-05-29";2930
"2013-05-30";2934
"2013-05-31";2938
"2013-06-01";2939
"2013-06-02";2947
"2013-06-03";2960
"2013-06-04";2966
"2013-06-05";2974
"2013-06-06";2983
"2013-06-07";2995
"2013-06-08";3009
"2013-06-09";3014
"2013-06-10";3017
"2013-06-11";3019
"2013-06-12";3026
"2013-06-13";3030
"2013-06-14";3036
"2013-06-15";3040
"2013-06-16";3047
"2013-06-17";3054
"2013-06-18";3060
"2013-06-19";3067
"2013-06-20";3069
"2013-06-21";3073
"2013-06-22";3076
"2013-06-23";3077
"2013-06-24";3081
"2013-06-25";3084
"2013-06-26";3088
"2013-06-27";3091
"2013-06-28";3094
"2013-06-29";3097
"2013-06-30";3098
"2013-07-01";3103
"2013-07-02";3108
"2013-07-03";3115
"2013-07-04";3122
"2013-07-05";3126
"2013-07-06";3128
"2013-07-07";3131
"2013-07-08";3136
"2013-07-09";3140
"2013-07-10";3143
"2013-07-11";3145
"2013-07-12";3148
"2013-07-13";3149
"2013-07-14";3151
"2013-07-15";3153
"2013-07-16";3157
"2013-07-17";3157
"2013-07-18";3161
"2013-07-19";3163
"2013-07-20";3164
"2013-07-21";3167
"2013-07-22";3170
"2013-07-23";3174
"2013-07-24";3177
"2013-07-25";3177
"2013-07-26";3179
"2013-07-27";3180
"2013-07-28";3185
"2013-07-29";3186
"2013-07-30";3186
"2013-07-31";3191
"2013-08-01";3193
"2013-08-02";3194
"2013-08-03";3197
"2013-08-04";3198
"2013-08-05";3199
"2013-08-06";3201
"2013-08-07";3204
"2013-08-08";3204
"2013-08-09";3206
"2013-08-10";3209
"2013-08-11";3211
"2013-08-12";3212
"2013-08-13";3215
"2013-08-14";3218
"2013-08-15";3220
"2013-08-16";3223
"2013-08-17";3223
"2013-08-18";3224
"2013-08-19";3227
"2013-08-20";3229
"2013-08-21";3229
"2013-08-22";3232
"2013-08-23";3232
"2013-08-24";3233
"2013-08-25";3233
"2013-08-26";3233
"2013-08-27";3235
"2013-08-28";3235
"2013-08-29";3235
"2013-08-30";3236
"2013-08-31";3237
"2013-09-01";3242
"2013-09-02";3244
"2013-09-03";3245
"2013-09-04";3247
"2013-09-05";3247
"2013-09-06";3249
"2013-09-07";3250
"2013-09-08";3253
"2013-09-09";3256
"2013-09-10";3257
"2013-09-11";3258
"2013-09-12";3263
"2013-09-13";3264
"2013-09-14";3267
"2013-09-15";3271
"2013-09-16";3271
"2013-09-17";3277
"2013-09-18";3279
"2013-09-19";3281
"2013-09-20";3283
"2013-09-21";3286
"2013-09-22";3288
"2013-09-23";3291
"2013-09-24";3294
"2013-09-25";3297
"2013-09-26";3299
"2013-09-27";3300
"2013-09-28";3301
"2013-09-29";3310
"2013-09-30";3315
"2013-10-01";3317
"2013-10-02";3318
"2013-10-03";3319
"2013-10-04";3320
"2013-10-05";3320
"2013-10-06";3324
"2013-10-07";3330
"2013-10-08";3334
"2013-10-09";3340
"2013-10-10";3343
"2013-10-11";3346
"2013-10-12";3353
"2013-10-13";3356
"2013-10-14";3361
"2013-10-15";3364
"2013-10-16";3368
"2013-10-17";3371
"2013-10-18";3375
"2013-10-19";3389
"2013-10-20";3396
"2013-10-21";3398
"2013-10-22";3402
"2013-10-23";3409
"2013-10-24";3413
"2013-10-25";3420
"2013-10-26";3422
"2013-10-27";3431
"2013-10-28";3435
"2013-10-29";3438
"2013-10-30";3442
"2013-10-31";3449
"2013-11-01";3449
"2013-11-02";3452
"2013-11-03";3454
"2013-11-04";3458
"2013-11-05";3466
"2013-11-06";3472
"2013-11-07";3476
"2013-11-08";3483
"2013-11-09";3498
"2013-11-10";3502
"2013-11-11";3505
"2013-11-12";3509
"2013-11-13";3513
"2013-11-14";3519
"2013-11-15";3520
"2013-11-16";3521
"2013-11-17";3521
"2013-11-18";3522
"2013-11-19";3522
"2013-11-20";3522
"2013-11-21";3523
"2013-11-22";3523
"2013-11-23";3523
"2013-11-24";3523
"2013-11-25";3527
"2013-11-26";3543
"2013-11-27";3550
"2013-11-28";3554
"2013-11-29";3557
"2013-11-30";3558
"2013-12-01";3562
"2013-12-02";3568
"2013-12-03";3575
"2013-12-04";3584
"2013-12-05";3590
"2013-12-06";3598
"2013-12-07";3604
"2013-12-08";3613
"2013-12-09";3619
"2013-12-10";3625
"2013-12-11";3628
"2013-12-12";3632
"2013-12-13";3634
"2013-12-14";3638
"2013-12-15";3640
"2013-12-16";3648
"2013-12-17";3653
"2013-12-18";3665
"2013-12-19";3669
"2013-12-20";3675
"2013-12-21";3679
"2013-12-22";3681
"2013-12-23";3687
"2013-12-24";3696
"2013-12-25";3698
"2013-12-26";3702
"2013-12-27";3705
"2013-12-28";3711
"2013-12-29";3724
"2013-12-30";3734
"2013-12-31";3744
"2014-01-01";3754
"2014-01-02";3765
"2014-01-03";3775
"2014-01-04";3784
"2014-01-05";3788
"2014-01-06";3792
"2014-01-07";3800
"2014-01-08";3804
"2014-01-09";3811
"2014-01-10";3822
"2014-01-11";3832
"2014-01-12";3837
"2014-01-13";3840
"2014-01-14";3847
"2014-01-15";3857
"2014-01-16";3868
"2014-01-17";3875
"2014-01-18";3880
"2014-01-19";3881
"2014-01-20";3888
"2014-01-21";3898
"2014-01-22";3910
"2014-01-23";3915
"2014-01-24";3925
"2014-01-25";3932
"2014-01-26";3935
"2014-01-27";3946
"2014-01-28";3959
"2014-01-29";3974
"2014-01-30";3986
"2014-01-31";4003
"2014-02-01";4020
"2014-02-02";4026
"2014-02-03";4033
"2014-02-04";4047
"2014-02-05";4060
"2014-02-06";4066
"2014-02-07";4071
"2014-02-08";4073
"2014-02-09";4079
"2014-02-10";4086
"2014-02-11";4093
"2014-02-12";4105
"2014-02-13";4118
"2014-02-14";4127
"2014-02-15";4133
"2014-02-16";4139
"2014-02-17";4146
"2014-02-18";4155
"2014-02-19";4168
"2014-02-20";4175
"2014-02-21";4185
"2014-02-22";4188
"2014-02-23";4192
"2014-02-24";4198
"2014-02-25";4204
"2014-02-26";4208
"2014-02-27";4214
"2014-02-28";4220
"2014-03-01";4225
"2014-03-02";4226
"2014-03-03";4237
"2014-03-04";4242
"2014-03-05";4249
"2014-03-06";4261
"2014-03-07";4269
"2014-03-08";4270
"2014-03-09";4271
"2014-03-10";4279
"2014-03-11";4291
"2014-03-12";4294
"2014-03-13";4295
"2014-03-14";4308
"2014-03-15";4309
"2014-03-16";4315
"2014-03-17";4322
"2014-03-18";4326
"2014-03-19";4329
"2014-03-20";4334
"2014-03-21";4341
"2014-03-22";4348
"2014-03-23";4363
"2014-03-24";4380
"2014-03-25";4390
"2014-03-26";4401
"2014-03-27";4409
"2014-03-28";4417
"2014-03-29";4432
"2014-03-30";4437
"2014-03-31";4451
"2014-04-01";4469
"2014-04-02";4491
"2014-04-03";4507
"2014-04-04";4520
"2014-04-05";4528
"2014-04-06";4535
"2014-04-07";4548
"2014-04-08";4556
"2014-04-09";4562
"2014-04-10";4580
"2014-04-11";4592
"2014-04-12";4601
"2014-04-13";4609
"2014-04-14";4624
"2014-04-15";4636
"2014-04-16";4646
"2014-04-17";4650
"2014-04-18";4655
"2014-04-19";4660
"2014-04-20";4668
"2014-04-21";4681
"2014-04-22";4698
"2014-04-23";4711
"2014-04-24";4722
"2014-04-25";4737
"2014-04-26";4747
"2014-04-27";4763
"2014-04-28";4772
"2014-04-29";4790
"2014-04-30";4802
"2014-05-01";4822
"2014-05-02";4832
"2014-05-03";4840
"2014-05-04";4847
"2014-05-05";4853
"2014-05-06";4869
"2014-05-07";4906
"2014-05-08";4923
"2014-05-09";4942
"2014-05-10";4954
"2014-05-11";4974
"2014-05-12";4998
"2014-05-13";5027
"2014-05-14";5046
"2014-05-15";5062
"2014-05-16";5078
"2014-05-17";5088
"2014-05-18";5105
"2014-05-19";5152
"2014-05-20";5186
"2014-05-21";5218
"2014-05-22";5264
"2014-05-23";5291
"2014-05-24";5313
"2014-05-25";5342
"2014-05-26";5365
"2014-05-27";5377
"2014-05-28";5384
"2014-05-29";5397
"2014-05-30";5404
"2014-05-31";5408
"2014-06-01";5417
"2014-06-02";5427
"2014-06-03";5436
"2014-06-04";5444
"2014-06-05";5456
"2014-06-06";5462
"2014-06-07";5468
"2014-06-08";5469
"2014-06-09";5476
"2014-06-10";5482
"2014-06-11";5486
"2014-06-12";5488
"2014-06-13";5489
"2014-06-14";5496
"2014-06-15";5502
"2014-06-16";5506
"2014-06-17";5512
"2014-06-18";5518
"2014-06-19";5523
"2014-06-20";5527
"2014-06-21";5531
"2014-06-22";5536
"2014-06-23";5540
"2014-06-24";5545
"2014-06-25";5548
"2014-06-26";5555
"2014-06-27";5557
"2014-06-28";5560
"2014-06-29";5565
"2014-06-30";5571
"2014-07-01";5575
"2014-07-02";5584
"2014-07-03";5587
"2014-07-04";5592
"2014-07-05";5598
"2014-07-06";5600
"2014-07-07";5602
"2014-07-08";5603
"2014-07-09";5606
"2014-07-10";5608
"2014-07-11";5609
"2014-07-12";5611
"2014-07-13";5611
"2014-07-14";5617
"2014-07-15";5618
"2014-07-16";5622
"2014-07-17";5624
"2014-07-18";5630
"2014-07-19";5630
"2014-07-20";5635
"2014-07-21";5641
"2014-07-22";5642
"2014-07-23";5644
"2014-07-24";5647
"2014-07-25";5648
"2014-07-26";5649
"2014-07-27";5651
"2014-07-28";5652
"2014-07-29";5658
"2014-07-30";5662
"2014-07-31";5668
"2014-08-01";5669
"2014-08-02";5672
"2014-08-03";5685
"2014-08-04";5693
"2014-08-05";5698
"2014-08-06";5705
"2014-08-07";5708
"2014-08-08";5711
"2014-08-09";5713
"2014-08-10";5717
"2014-08-11";5719
"2014-08-12";5723
"2014-08-13";5727
"2014-08-14";5731
"2014-08-15";5733
"2014-08-16";5734
"2014-08-17";5737
"2014-08-18";5739
"2014-08-19";5741
"2014-08-20";5741
"2014-08-21";5741
"2014-08-22";5741
"2014-08-23";5744
"2014-08-24";5748
"2014-08-25";5750
"2014-08-26";5755
"2014-08-27";5763
"2014-08-28";5765
"2014-08-29";5766
"2014-08-30";5771
"2014-08-31";5780
"2014-09-01";5781
"2014-09-02";5785
"2014-09-03";5787
"2014-09-04";5790
"2014-09-05";5796
"2014-09-06";5801
"2014-09-07";5804
"2014-09-08";5807
"2014-09-09";5814
"2014-09-10";5821
"2014-09-11";5825
"2014-09-12";5830
"2014-09-13";5835
"2014-09-14";5839
"2014-09-15";5846
"2014-09-16";5853
"2014-09-18";5886
"2014-09-19";5893
"2014-09-20";5910
"2014-09-21";5942
"2014-09-22";5958
"2014-09-23";5967
"2014-09-24";5981
"2014-09-25";5989
"2014-09-26";6012
"2014-09-27";6028
"2014-09-28";6031
"2014-09-29";6039
"2014-09-30";6045
"2014-10-01";6058
"2014-10-02";6065
"2014-10-03";6071
"2014-10-04";6073
"2014-10-05";6078
"2014-10-06";6092
"2014-10-07";6106
"2014-10-08";6120
"2014-10-09";6138
"2014-10-10";6148
"2014-10-11";6154
"2014-10-12";6158
"2014-10-13";6162
"2014-10-14";6176
"2014-10-15";6184
"2014-10-16";6188
"2014-10-17";6196
"2014-10-18";6209
"2014-10-19";6215
"2014-10-20";6227
"2014-10-21";6239
"2014-10-22";6247
"2014-10-23";6252
"2014-10-24";6253
"2014-10-25";6261
"2014-10-26";6269
"2014-10-27";6275
"2014-10-28";6280
"2014-10-29";6288
"2014-10-30";6305
"2014-10-31";6313
"2014-11-01";6324
"2014-11-02";6332
"2014-11-03";6338
"2014-11-04";6340
"2014-11-05";6347
"2014-11-06";6353
"2014-11-07";6365
"2014-11-08";6371
"2014-11-09";6374
"2014-11-10";6380
"2014-11-11";6400
"2014-11-12";6406
"2014-11-13";6413
"2014-11-14";6416
"2014-11-15";6428
"2014-11-16";6433
"2014-11-17";6450
"2014-11-18";6455
"2014-11-19";6463
"2014-11-20";6473
"2014-11-21";6479
"2014-11-22";6478
"2014-11-23";6482
"2014-11-24";6496
"2014-11-25";6505
"2014-11-26";6513
"2014-11-27";6519
"2014-11-28";6524
"2014-11-29";6529
"2014-11-30";6536
"2014-12-01";6542
"2014-12-02";6547
"2014-12-03";6558
"2014-12-04";6566
"2014-12-05";6568
"2014-12-06";6574
"2014-12-07";6582
"2014-12-08";6587
"2014-12-09";6592
"2014-12-10";6599
"2014-12-11";6601
"2014-12-12";6603
"2014-12-13";6606
"2014-12-14";6617
"2014-12-15";6621
"2014-12-16";6625
"2014-12-17";6632
"2014-12-18";6638
"2014-12-19";6642
"2014-12-20";6646
"2014-12-21";6656
"2014-12-22";6660
"2014-12-23";6661
"2014-12-24";6662
"2014-12-25";6672
"2014-12-26";6676
"2014-12-27";6686
"2014-12-28";6699
"2014-12-29";6709
"2014-12-30";6720
"2014-12-31";6733
"2015-01-01";6742
"2015-01-02";6750
"2015-01-03";6753
"2015-01-04";6757
"2015-01-05";6764
"2015-01-06";6770
"2015-01-07";6780
"2015-01-08";6787
"2015-01-09";6788
"2015-01-10";6795
"2015-01-11";6806
"2015-01-12";6811
"2015-01-13";6823
"2015-01-14";6834
"2015-01-15";6842
"2015-01-16";6845
"2015-01-17";6850
"2015-01-18";6858
"2015-01-19";6867
"2015-01-20";6875
"2015-01-21";6882
"2015-01-22";6888
"2015-01-23";6900
"2015-01-24";6909
"2015-01-25";6912
"2015-01-26";6919
"2015-01-27";6932
"2015-01-28";6939
"2015-01-29";6947
"2015-01-30";6956
"2015-01-31";6962
"2015-02-01";6969
"2015-02-02";6979
"2015-02-03";6983
"2015-02-04";6985
"2015-02-05";7005
"2015-02-06";7020
"2015-02-07";7033
"2015-02-08";7040
"2015-02-09";7053
"2015-02-10";7059
"2015-02-11";7066
"2015-02-12";7074
"2015-02-13";7084
"2015-02-14";7092
"2015-02-15";7105
"2015-02-16";7117
"2015-02-17";7125
"2015-02-18";7134
"2015-02-19";7144
"2015-02-20";7151
"2015-02-21";7156
"2015-02-22";7167
"2015-02-23";7173
"2015-02-24";7185
"2015-02-25";7191
"2015-02-26";7199
"2015-02-27";7205
"2015-02-28";7213
"2015-03-01";7219
"2015-03-02";7226
"2015-03-03";7243
"2015-03-04";7251
"2015-03-05";7254
"2015-03-06";7266
"2015-03-07";7275
"2015-03-08";7281
"2015-03-09";7299
"2015-03-10";7311
"2015-03-11";7318
"2015-03-12";7329
"2015-03-13";7337
"2015-03-14";7346
"2015-03-15";7356
"2015-03-16";7368
"2015-03-17";7375
"2015-03-18";7381
"2015-03-19";7390
"2015-03-20";7404
"2015-03-21";7413
"2015-03-22";7423
"2015-03-23";7430
"2015-03-24";7442
"2015-03-25";7452
"2015-03-26";7459
"2015-03-27";7465
"2015-03-28";7470
"2015-03-29";7481
"2015-03-30";7489
"2015-03-31";7490
"2015-04-01";7502
"2015-04-02";7507
"2015-04-03";7518
"2015-04-04";7525
"2015-04-05";7535
"2015-04-06";7544
"2015-04-07";7550
"2015-04-08";7557
"2015-04-09";7564
"2015-04-10";7566
"2015-04-11";7569
"2015-04-12";7575
"2015-04-13";7584
"2015-04-14";7590
"2015-04-15";7595
"2015-04-16";7601
"2015-04-17";7610
"2015-04-18";7618
"2015-04-19";7626
"2015-04-20";7637
"2015-04-21";7647
"2015-04-22";7654
"2015-04-23";7658
"2015-04-24";7660
"2015-04-25";7661
"2015-04-26";7666
"2015-04-27";7671
"2015-04-28";7677
"2015-04-29";7686
"2015-04-30";7693
"2015-05-01";7705
"2015-05-02";7712
"2015-05-03";7715
"2015-05-04";7723
"2015-05-05";7727
"2015-05-06";7732
"2015-05-07";7734
"2015-05-08";7740
"2015-05-09";7748
"2015-05-10";7753
"2015-05-11";7761
"2015-05-12";7773
"2015-05-13";7777
"2015-05-14";7782
"2015-05-15";7785
"2015-05-16";7788
"2015-05-17";7797
"2015-05-18";7804
"2015-05-19";7809
"2015-05-20";7817
"2015-05-21";7825
"2015-05-22";7833
"2015-05-23";7834
"2015-05-24";7834
"2015-05-25";7842
"2015-05-26";7849
"2015-05-27";7851
"2015-05-28";7857
"2015-05-29";7860
"2015-05-30";7862
"2015-05-31";7864
"2015-06-01";7873
"2015-06-02";7875
"2015-06-03";7874
"2015-06-04";7879
"2015-06-05";7882
"2015-06-06";7883
"2015-06-07";7884
"2015-06-08";7886
"2015-06-09";7895
"2015-06-10";7900
"2015-06-11";7904
"2015-06-12";7910
"2015-06-13";7912
"2015-06-14";7913
"2015-06-15";7919
"2015-06-16";7924
"2015-06-17";7926
"2015-06-18";7927
"2015-06-19";7931
"2015-06-20";7933
"2015-06-21";7936
"2015-06-22";7941
"2015-06-23";7951
"2015-06-24";7960
"2015-06-25";7968
"2015-06-26";7973
"2015-06-27";7974
"2015-06-28";7980
"2015-06-29";7979
"2015-06-30";7986
"2015-07-01";7990
"2015-07-02";8008
"2015-07-03";8016
"2015-07-04";8021
"2015-07-05";8029
"2015-07-06";8033
"2015-07-07";8042
"2015-07-08";8051
"2015-07-09";8061
"2015-07-10";8072
"2015-07-11";8079
"2015-07-12";8081
"2015-07-13";8091
"2015-07-14";8100
"2015-07-15";8110
"2015-07-16";8119
"2015-07-17";8122
"2015-07-18";8130
"2015-07-19";8133
"2015-07-20";8143
"2015-07-21";8157
"2015-07-22";8164
"2015-07-23";8173
"2015-07-24";8175
"2015-07-25";8178
"2015-07-26";8178
"2015-07-27";8185
"2015-07-28";8207
"2015-07-29";8213
"2015-07-30";8224
"2015-07-31";8226
"2015-08-01";8228
"2015-08-02";8233
"2015-08-03";8245
"2015-08-04";8260
"2015-08-05";8267
"2015-08-06";8273
"2015-08-07";8276
"2015-08-08";8281
"2015-08-09";8284
"2015-08-10";8296
"2015-08-11";8303
"2015-08-12";8310
"2015-08-13";8316
"2015-08-14";8317
"2015-08-15";8324
"2015-08-16";8326
"2015-08-17";8332
"2015-08-18";8341
"2015-08-19";8348
"2015-08-20";8349
"2015-08-21";8354
"2015-08-22";8357
"2015-08-23";8361
"2015-08-24";8363
"2015-08-25";8373
"2015-08-26";8379
"2015-08-27";8385
"2015-08-28";8394
"2015-08-29";8403
"2015-08-30";8412
"2015-08-31";8428
"2015-09-01";8445
"2015-09-02";8451
"2015-09-03";8461
"2015-09-04";8473
"2015-09-05";8479
"2015-09-06";8486
"2015-09-07";8496
"2015-09-08";8509
"2015-09-09";8517
"2015-09-10";8529
"2015-09-11";8545
"2015-09-12";8552
"2015-09-13";8560
"2015-09-14";8578
"2015-09-15";8589
"2015-09-16";8607
"2015-09-17";8622
"2015-09-18";8628
"2015-09-19";8635
"2015-09-20";8646
"2015-09-21";8661
"2015-09-22";8665
"2015-09-23";8673
"2015-09-24";8682
"2015-09-25";8686
"2015-09-26";8691
"2015-09-27";8697
"2015-09-28";8713
"2015-09-29";8724
"2015-09-30";8729
"2015-10-01";8736
"2015-10-02";8740
"2015-10-03";8742
"2015-10-04";8762
"2015-10-05";8767
"2015-10-06";8782
"2015-10-07";8787
"2015-10-08";8796
"2015-10-09";8798
"2015-10-10";8803
"2015-10-11";8812
"2015-10-12";8819
"2015-10-13";8824
"2015-10-14";8827
"2015-10-15";8835
"2015-10-16";8840
"2015-10-17";8843
"2015-10-18";8853
"2015-10-19";8869
"2015-10-20";8882
"2015-10-21";8885
"2015-10-22";8899
"2015-10-23";8912
"2015-10-24";8918
"2015-10-25";8922
"2015-10-26";8935
"2015-10-27";8940
"2015-10-28";8947
"2015-10-29";8954
"2015-10-30";8961
"2015-10-31";8971
"2015-11-01";8987
"2015-11-02";9000
"2015-11-03";9014
"2015-11-04";9027
"2015-11-05";9042
"2015-11-06";9055
"2015-11-07";9066
"2015-11-08";9075
"2015-11-09";9090
"2015-11-10";9103
"2015-11-11";9118
"2015-11-12";9131
"2015-11-13";9138
"2015-11-14";9156
"2015-11-15";9173
"2015-11-16";9192
"2015-11-17";9206
"2015-11-18";9220
"2015-11-19";9240
"2015-11-20";9254
"2015-11-21";9284
"2015-11-22";9323
"2015-11-23";9351
"2015-11-24";9378
"2015-11-25";9402
"2015-11-26";9433
"2015-11-27";9454
"2015-11-28";9476
"2015-11-29";9509
"2015-11-30";9544
"2015-12-01";9580
"2015-12-02";9627
"2015-12-03";9667
"2015-12-04";9705
"2015-12-05";9736
"2015-12-06";9760
"2015-12-07";9782
"2015-12-08";9811
"2015-12-09";9829
"2015-12-10";9846
"2015-12-11";9855
"2015-12-12";9867
"2015-12-13";9886
"2015-12-14";9903
"2015-12-15";9931
"2015-12-16";9956
"2015-12-17";9980
"2015-12-18";9990
"2015-12-19";9992
"2015-12-20";10016
"2015-12-21";10021
"2015-12-22";10034
"2015-12-23";10044
"2015-12-24";10051
"2015-12-25";10054
"2015-12-26";10057
"2015-12-27";10062
"2015-12-28";10072
"2015-12-29";10084
"2015-12-30";10091
"2015-12-31";10103
"2016-01-01";10126
"2016-01-02";10143
"2016-01-03";10158
"2016-01-04";10177
"2016-01-05";10183
"2016-01-06";10191
"2016-01-07";10207
"2016-01-08";10227
"2016-01-09";10237
"2016-01-10";10245
"2016-01-11";10251
"2016-01-12";10264
"2016-01-13";10273
"2016-01-14";10283
"2016-01-15";10288
"2016-01-16";10291
"2016-01-17";10295
"2016-01-18";10300
"2016-01-19";10312
"2016-01-20";10318
"2016-01-21";10323
"2016-01-22";10326
"2016-01-23";10327
"2016-01-24";10333
"2016-01-25";10337
"2016-01-26";10344
"2016-01-27";10347
"2016-01-28";10356
"2016-01-29";10359
"2016-01-30";10362
"2016-01-31";10365
"2016-02-01";10375
"2016-02-02";10387
"2016-02-03";10398
"2016-02-04";10408
"2016-02-05";10418
"2016-02-06";10427
"2016-02-07";10442
"2016-02-08";10452
"2016-02-09";10459
"2016-02-10";10467
"2016-02-11";10478
"2016-02-12";10484
"2016-02-13";10494
"2016-02-14";10498
"2016-02-15";10507
"2016-02-16";10512
"2016-02-17";10539
"2016-02-18";10550
"2016-02-19";10562
"2016-02-20";10567
"2016-02-21";10577
"2016-02-22";10588
"2016-02-23";10599
"2016-02-24";10607
"2016-02-25";10613
"2016-02-26";10617
"2016-02-27";10626
"2016-02-28";10635
"2016-02-29";10643
"2016-03-01";10647
"2016-03-02";10653
"2016-03-03";10657
"2016-03-04";10662
"2016-03-05";10675
"2016-03-06";10682
"2016-03-07";10687
"2016-03-08";10694
"2016-03-09";10702
"2016-03-10";10716
"2016-03-11";10719
"2016-03-12";10730
"2016-03-13";10737
"2016-03-14";10745
"2016-03-15";10754
"2016-03-16";10765
"2016-03-17";10769
"2016-03-18";10774
"2016-03-19";10778
"2016-03-20";10783
"2016-03-21";10785
"2016-03-22";10791
"2016-03-23";10794
"2016-03-24";10801
"2016-03-25";10811
"2016-03-26";10812
"2016-03-27";10819
"2016-03-28";10823
"2016-03-29";10825
"2016-03-30";10832
"2016-03-31";10836
"2016-04-01";10851
"2016-04-02";10854
"2016-04-03";10857
"2016-04-04";10857
"2016-04-05";10862
"2016-04-06";10863
"2016-04-07";10868
"2016-04-08";10868
"2016-04-09";10870
"2016-04-10";10873
"2016-04-11";10877
"2016-04-12";10881
"2016-04-13";10890
"2016-04-14";10898
"2016-04-15";10901
"2016-04-16";10908
"2016-04-17";10913
"2016-04-18";10915
"2016-04-19";10920
"2016-04-20";10928
"2016-04-21";10933
"2016-04-22";10941
"2016-04-23";10947
"2016-04-24";10957
"2016-04-25";10965
"2016-04-26";10967
"2016-04-27";10970
"2016-04-28";10974
"2016-04-29";10977
"2016-04-30";10981
"2016-05-01";10987
"2016-05-02";10990
"2016-05-03";10998
"2016-05-04";11004
"2016-05-05";11008
"2016-05-06";11011
"2016-05-07";11017
"2016-05-08";11027
"2016-05-09";11030
"2016-05-10";11036
"2016-05-11";11037
"2016-05-12";11045
"2016-05-13";11049
"2016-05-14";11052
"2016-05-15";11059
"2016-05-16";11063
"2016-05-17";11067
"2016-05-18";11072
"2016-05-19";11079
"2016-05-20";11082
"2016-05-21";11087
"2016-05-22";11093
"2016-05-23";11102
"2016-05-24";11111
"2016-05-25";11120
"2016-05-26";11131
"2016-05-27";11134
"2016-05-28";11139
"2016-05-29";11145
"2016-05-30";11148
"2016-05-31";11154
"2016-06-01";11162
"2016-06-02";11165
"2016-06-03";11169
"2016-06-04";11172
"2016-06-05";11176
"2016-06-06";11178
"2016-06-07";11186
"2016-06-08";11192
"2016-06-09";11198
"2016-06-10";11203
"2016-06-11";11206
"2016-06-12";11208
"2016-06-13";11213
"2016-06-14";11219
"2016-06-15";11230
"2016-06-16";11235
"2016-06-17";11239
"2016-06-18";11249
"2016-06-19";11251
"2016-06-20";11252
"2016-06-21";11260
"2016-06-22";11270
"2016-06-23";11275
"2016-06-24";11291
"2016-06-25";11301
"2016-06-26";11310
"2016-06-27";11318
"2016-06-28";11326
"2016-06-29";11349
"2016-06-30";11364
"2016-07-01";11382
"2016-07-02";11390
"2016-07-03";11411
"2016-07-04";11423
"2016-07-05";11435
"2016-07-06";11445
"2016-07-07";11451
"2016-07-08";11459
"2016-07-09";11463
"2016-07-10";11465
"2016-07-11";11469
"2016-07-12";11478
"2016-07-13";11483
"2016-07-14";11497
"2016-07-15";11509
"2016-07-16";11515
"2016-07-17";11522
"2016-07-18";11528
"2016-07-19";11538
"2016-07-20";11545
"2016-07-21";11553
"2016-07-22";11558
"2016-07-23";11567
"2016-07-24";11587
"2016-07-25";11605
"2016-07-26";11623
"2016-07-27";11635
"2016-07-28";11652
"2016-07-29";11672
"2016-07-30";11685
"2016-07-31";11700
"2016-08-01";11705
"2016-08-02";11717
"2016-08-03";11724
"2016-08-04";11730
"2016-08-05";11737
"2016-08-06";11745
"2016-08-07";11747
"2016-08-08";11754
"2016-08-09";11759
"2016-08-10";11766
"2016-08-11";11771
"2016-08-12";11774
"2016-08-13";11777
"2016-08-14";11783
"2016-08-15";11788
"2016-08-16";11797
"2016-08-17";11808
"2016-08-18";11810
"2016-08-19";11819
"2016-08-20";11826
"2016-08-21";11828
"2016-08-22";11833
"2016-08-23";11845
"2016-08-24";11852
"2016-08-25";11855
"2016-08-26";11859
"2016-08-27";11864
"2016-08-28";11871
"2016-08-29";11878
"2016-08-30";11887
"2016-08-31";11895
"2016-09-01";11913
"2016-09-02";11920
"2016-09-03";11927
"2016-09-04";11936
"2016-09-05";11939
"2016-09-06";11949
"2016-09-07";11954
"2016-09-08";11970
"2016-09-09";11979
"2016-09-10";11998
"2016-09-11";12008
"2016-09-12";12014
"2016-09-13";12024
"2016-09-14";12032
"2016-09-15";12037
"2016-09-16";12057
"2016-09-17";12073
"2016-09-18";12085
"2016-09-19";12094
"2016-09-20";12106
"2016-09-21";12111
"2016-09-22";12122
"2016-09-23";12127
"2016-09-24";12132
"2016-09-25";12137
"2016-09-26";12140
"2016-09-27";12146
"2016-09-28";12157
"2016-09-29";12168
"2016-09-30";12178
"2016-10-01";12189
"2016-10-02";12198
"2016-10-03";12205
"2016-10-04";12215
"2016-10-05";12230
"2016-10-06";12247
"2016-10-07";12255
"2016-10-08";12262
"2016-10-09";12272
"2016-10-10";12287
"2016-10-11";12306
"2016-10-12";12325
"2016-10-13";12340
"2016-10-14";12350
"2016-10-15";12356
"2016-10-16";12370
"2016-10-17";12375
"2016-10-18";12404
"2016-10-19";12411
"2016-10-20";12419
"2016-10-21";12427
"2016-10-22";12434
"2016-10-23";12440
"2016-10-24";12454
"2016-10-25";12486
"2016-10-26";12510
"2016-10-27";12530
"2016-10-28";12541
"2016-10-29";12551
"2016-10-30";12558
"2016-10-31";12584
"2016-11-01";12616
"2016-11-02";12644
"2016-11-03";12665
"2016-11-04";12687
"2016-11-05";12701
"2016-11-06";12715
"2016-11-07";12753
"2016-11-08";12798
"2016-11-09";12860
"2016-11-10";12914
"2016-11-11";13028
"2016-11-12";13088
"2016-11-13";13134
"2016-11-14";13167
"2016-11-15";13190
"2016-11-16";13221
"2016-11-17";13250
"2016-11-18";13272
"2016-11-19";13301
"2016-11-20";13331
"2016-11-21";13364
"2016-11-22";13389
"2016-11-23";13416
"2016-11-24";13434
"2016-11-25";13452
"2016-11-26";13465
"2016-11-27";13485
"2016-11-28";13510
"2016-11-29";13542
"2016-11-30";13576
"2016-12-01";13621
"2016-12-02";13652
"2016-12-03";13678
"2016-12-04";13710
"2016-12-05";13736
