1;9444;27/11/2015 17:20
4;9445;27/11/2015 17:29
5;9447;27/11/2015 18:18
16;9000;04/11/2015 00:00
17;8000;02/07/2015 00:00
18;6733;31/12/2014 00:00
19;3786;31/12/2013 00:00
20;2158;31/12/2012 00:00
21;707;31/12/2011 00:00
22;343;31/12/2010 00:00
23;158;31/12/2009 00:00
24;88;31/12/2008 00:00
25;47;31/12/2007 00:00
26;9448;27/11/2015 19:16
27;9449;27/11/2015 20:02
28;9450;27/11/2015 21:00
29;9451;27/11/2015 22:00
30;9452;27/11/2015 23:00
31;9454;28/11/2015 00:00
32;9456;28/11/2015 01:00
33;9457;28/11/2015 02:00
34;9458;28/11/2015 07:00
35;9459;28/11/2015 12:00
36;8880;20/10/2015 00:00
37;8508;08/09/2015 00:00
38;8880;20/10/2015 00:00
39;8508;08/09/2015 00:00
40;8354;21/08/2015 00:00
41;9463;28/11/2015 13:00
42;9464;28/11/2015 14:00
43;9466;28/11/2015 16:00
44;9468;28/11/2015 17:00
45;9470;28/11/2015 18:00
46;9471;28/11/2015 19:00
47;4000;29/01/2014 00:00
48;5000;12/05/2014 00:00
49;6000;25/09/2014 00:00
50;9471;28/11/2015 20:00
51;9473;28/11/2015 21:00
52;9474;28/11/2015 22:00
53;9475;28/11/2015 23:00
54;9476;29/11/2015 00:00
55;9477;29/11/2015 01:00
56;9478;29/11/2015 03:00
57;9479;29/11/2015 05:00
58;9481;29/11/2015 08:00
59;9483;29/11/2015 09:00
60;9485;29/11/2015 11:00
61;9489;29/11/2015 12:00
62;9492;29/11/2015 15:00
63;9493;29/11/2015 16:00
64;9494;29/11/2015 17:00
65;9495;29/11/2015 19:00
66;9499;29/11/2015 20:00
67;9501;29/11/2015 21:00
68;9502;29/11/2015 22:00
69;9507;29/11/2015 23:00
70;9509;30/11/2015 00:00
71;9512;30/11/2015 01:00
72;9513;30/11/2015 04:00
73;9514;30/11/2015 06:00
74;9518;30/11/2015 09:00
75;9521;30/11/2015 10:00
76;9524;30/11/2015 11:39
77;9528;30/11/2015 13:00
78;9532;30/11/2015 15:00
79;9533;30/11/2015 16:00
80;9536;30/11/2015 17:00
81;9537;30/11/2015 18:00
82;9538;30/11/2015 20:00
83;9539;30/11/2015 22:00
84;9544;30/11/2015 23:00
85;9545;01/12/2015 02:00
86;9546;01/12/2015 06:00
87;9548;01/12/2015 10:00
88;9552;01/12/2015 13:00
89;9553;01/12/2015 14:00
90;9554;01/12/2015 15:00
91;9555;01/12/2015 16:00
92;9557;01/12/2015 17:00
93;9561;01/12/2015 18:00
94;9566;01/12/2015 19:00
95;9571;01/12/2015 20:00
96;9573;01/12/2015 21:00
97;9575;01/12/2015 22:00
98;9577;01/12/2015 23:00
99;9580;02/12/2015 00:00
100;9582;02/12/2015 01:00
101;9583;02/12/2015 05:00
102;9584;02/12/2015 07:00
103;9587;02/12/2015 08:00
104;9588;02/12/2015 11:00
105;9589;02/12/2015 12:00
106;9592;02/12/2015 13:00
107;9594;02/12/2015 14:00
108;9596;02/12/2015 15:00
109;9599;02/12/2015 16:00
110;9600;02/12/2015 17:00
111;9601;02/12/2015 19:00
112;9606;02/12/2015 20:00
113;9609;02/12/2015 21:00
114;9618;02/12/2015 22:00
115;9624;02/12/2015 23:00
116;9627;03/12/2015 00:00
117;9629;03/12/2015 01:00
118;9630;03/12/2015 03:00
119;9631;03/12/2015 04:00
120;9633;03/12/2015 09:00
121;9634;03/12/2015 10:00
122;9636;03/12/2015 11:00
123;9640;03/12/2015 12:00
124;9642;03/12/2015 13:00
125;9647;03/12/2015 14:00
126;9649;03/12/2015 15:00
127;9654;03/12/2015 17:00
128;9655;03/12/2015 18:00
129;9660;03/12/2015 19:00
130;9663;03/12/2015 20:00
131;9665;03/12/2015 21:00
132;9667;03/12/2015 22:00
133;9668;04/12/2015 01:00
134;9669;04/12/2015 02:00
135;9670;04/12/2015 05:00
136;9671;04/12/2015 08:00
137;9672;04/12/2015 10:00
138;9675;04/12/2015 13:00
139;9676;04/12/2015 14:00
140;9677;04/12/2015 15:00
141;9680;04/12/2015 16:00
142;9684;04/12/2015 17:00
143;9687;04/12/2015 19:00
144;9691;04/12/2015 20:00
145;9696;04/12/2015 21:00
146;9698;04/12/2015 22:00
147;9703;04/12/2015 23:00
148;9705;05/12/2015 00:00
149;9707;05/12/2015 01:00
150;9709;05/12/2015 03:00
151;9710;05/12/2015 04:00
152;9711;05/12/2015 10:00
153;9713;05/12/2015 12:00
154;9716;05/12/2015 14:00
155;9717;05/12/2015 15:00
156;9720;05/12/2015 16:00
165;9705;06/12/2015 01:00
166;9705;06/12/2015 02:00
167;9705;06/12/2015 03:00
168;9705;06/12/2015 04:00
169;9705;06/12/2015 05:00
170;9705;06/12/2015 06:00
171;9705;06/12/2015 07:00
172;9705;06/12/2015 08:00
173;9705;06/12/2015 09:00
174;9705;06/12/2015 10:00
175;9705;06/12/2015 11:00
176;9705;06/12/2015 12:00
177;9705;06/12/2015 13:00
178;9705;06/12/2015 14:00
179;9705;06/12/2015 15:00
180;9705;06/12/2015 16:00
181;9705;06/12/2015 17:00
182;9705;06/12/2015 18:00
183;9705;06/12/2015 19:00
184;9705;06/12/2015 20:00
185;9754;06/12/2015 22:00
186;9760;06/12/2015 23:00
187;9761;07/12/2015 07:00
188;9764;07/12/2015 10:00
189;9766;07/12/2015 12:00
190;9771;07/12/2015 14:00
191;9772;07/12/2015 16:00
192;9773;07/12/2015 17:00
193;9775;07/12/2015 18:00
194;9776;07/12/2015 19:00
195;9779;07/12/2015 20:00
196;9780;07/12/2015 21:00
197;9782;08/12/2015 00:00
198;9785;08/12/2015 02:00
199;9786;08/12/2015 08:00
200;9787;08/12/2015 10:00
201;9789;08/12/2015 11:00
202;9790;08/12/2015 12:00
203;9792;08/12/2015 14:00
204;9795;08/12/2015 15:00
205;9799;08/12/2015 16:00
206;9800;08/12/2015 17:00
207;9801;08/12/2015 18:00
208;9804;08/12/2015 19:00
209;9805;08/12/2015 21:00
210;9807;08/12/2015 22:00
211;9810;08/12/2015 23:00
212;9811;09/12/2015 00:00
213;9812;09/12/2015 01:00
214;9813;09/12/2015 02:00
215;9814;09/12/2015 04:00
216;9815;09/12/2015 08:00
217;9816;09/12/2015 09:00
218;9819;09/12/2015 12:00
219;9820;09/12/2015 16:00
220;9821;09/12/2015 17:00
221;9823;09/12/2015 18:00
222;9826;09/12/2015 19:00
223;9827;09/12/2015 21:00
224;9828;09/12/2015 22:00
225;9829;10/12/2015 00:00
226;9830;10/12/2015 09:00
227;9831;10/12/2015 10:00
228;9832;10/12/2015 11:00
229;9834;10/12/2015 14:00
230;9835;10/12/2015 15:00
231;9838;10/12/2015 16:00
232;9839;10/12/2015 17:00
233;9840;10/12/2015 19:00
234;9845;10/12/2015 21:00
235;9847;10/12/2015 22:00
236;9846;10/12/2015 23:00
237;9848;11/12/2015 12:00
238;9849;11/12/2015 14:00
239;9851;11/12/2015 18:00
240;9855;11/12/2015 23:00
241;9856;12/12/2015 01:00
242;9858;12/12/2015 10:00
243;9861;12/12/2015 11:00
244;9862;12/12/2015 12:00
245;9863;12/12/2015 16:00
246;9864;12/12/2015 17:00
247;9865;12/12/2015 18:00
248;9866;12/12/2015 21:00
249;9867;13/12/2015 00:00
250;9868;13/12/2015 01:00
251;9871;13/12/2015 11:00
252;9872;13/12/2015 12:00
253;9873;13/12/2015 14:00
254;9874;13/12/2015 16:00
255;9876;13/12/2015 18:00
256;9877;13/12/2015 19:00
257;9882;13/12/2015 21:00
258;9884;13/12/2015 23:00
259;9886;14/12/2015 00:00
260;9887;14/12/2015 11:00
261;9890;14/12/2015 13:00
262;9892;14/12/2015 14:00
263;9895;14/12/2015 17:00
264;9897;14/12/2015 19:00
265;9899;14/12/2015 21:00
266;9901;14/12/2015 22:00
267;9902;14/12/2015 23:00
268;9903;15/12/2015 01:00
269;9904;15/12/2015 04:00
270;9905;15/12/2015 09:00
271;9906;15/12/2015 12:00
272;9907;15/12/2015 14:00
273;9910;15/12/2015 15:00
274;9913;15/12/2015 16:00
275;9918;15/12/2015 17:00
276;9924;15/12/2015 18:00
366;10009;20/12/2015 18:00
367;10010;20/12/2015 19:00
368;10011;20/12/2015 20:00
369;10014;20/12/2015 21:00
370;10015;20/12/2015 23:00
371;10016;21/12/2015 00:00
372;10017;21/12/2015 10:00
373;10018;21/12/2015 12:00
374;10019;21/12/2015 14:00
375;10020;21/12/2015 15:00
376;10021;21/12/2015 23:00
377;10022;22/12/2015 11:00
378;10023;22/12/2015 13:00
379;10024;22/12/2015 14:00
380;10025;22/12/2015 15:00
381;10026;22/12/2015 21:00
382;10033;22/12/2015 22:00
383;10034;22/12/2015 23:00
384;10035;23/12/2015 14:00
385;10037;23/12/2015 15:00
386;10041;23/12/2015 16:00
387;10043;23/12/2015 19:00
388;10044;23/12/2015 21:00
389;10045;24/12/2015 11:00
390;10046;24/12/2015 12:00
391;10048;24/12/2015 15:00
392;10050;24/12/2015 19:00
393;10051;24/12/2015 21:00
394;10052;25/12/2015 02:00
395;10053;25/12/2015 09:00
396;10054;25/12/2015 23:00
397;10055;26/12/2015 10:00
398;10056;26/12/2015 13:00
399;10057;26/12/2015 23:00
400;10058;27/12/2015 01:00
401;10060;27/12/2015 14:00
402;10061;27/12/2015 16:00
403;10062;28/12/2015 00:00
404;10063;28/12/2015 12:00
405;10065;28/12/2015 15:00
406;10066;28/12/2015 16:00
407;10067;28/12/2015 18:00
408;10068;28/12/2015 22:00
409;10071;28/12/2015 23:00
410;10072;29/12/2015 00:00
411;10073;29/12/2015 02:00
412;10074;29/12/2015 11:00
413;10075;29/12/2015 13:00
414;10076;29/12/2015 14:00
415;10077;29/12/2015 16:00
416;10078;29/12/2015 17:00
417;10079;29/12/2015 18:00
418;10080;29/12/2015 19:00
419;10082;29/12/2015 20:00
420;10084;29/12/2015 22:00
421;10085;30/12/2015 01:00
422;10087;30/12/2015 02:00
423;10088;30/12/2015 10:00
424;10089;30/12/2015 11:00
425;10090;30/12/2015 21:00
426;10091;30/12/2015 23:00
427;10092;31/12/2015 07:00
428;10093;31/12/2015 12:00
429;10094;31/12/2015 15:00
430;10095;31/12/2015 16:00
431;10096;31/12/2015 18:00
432;10097;31/12/2015 19:00
433;10100;31/12/2015 20:00
434;10102;31/12/2015 22:00
435;10103;31/12/2015 23:00
436;10104;01/01/2016 01:00
437;10105;01/01/2016 02:00
438;10106;01/01/2016 03:00
439;10108;01/01/2016 13:00
440;10110;01/01/2016 14:00
441;10111;01/01/2016 15:00
442;10113;01/01/2016 16:00
443;10117;01/01/2016 17:00
444;10121;01/01/2016 18:00
445;10124;01/01/2016 19:00
446;10125;01/01/2016 20:00
447;10126;01/01/2016 21:00
448;10127;02/01/2016 01:00
449;10128;02/01/2016 03:00
450;10130;02/01/2016 04:00
451;10131;02/01/2016 10:00
452;10132;02/01/2016 13:00
453;10135;02/01/2016 14:00
454;10136;02/01/2016 16:00
455;10137;02/01/2016 20:00
456;10141;02/01/2016 21:00
457;10143;02/01/2016 23:00
458;10144;03/01/2016 02:00
459;10146;03/01/2016 11:00
460;10147;03/01/2016 12:00
461;10148;03/01/2016 13:00
462;10151;03/01/2016 16:00
463;10152;03/01/2016 17:00
464;10153;03/01/2016 18:00
465;10154;03/01/2016 19:00
466;10156;03/01/2016 21:00
467;10158;03/01/2016 22:00
468;10159;04/01/2016 01:00
469;10160;04/01/2016 02:00
470;10161;04/01/2016 03:00
471;10163;04/01/2016 05:00
472;10165;04/01/2016 11:00
473;10166;04/01/2016 12:00
474;10167;04/01/2016 13:00
475;10168;04/01/2016 14:00
476;10169;04/01/2016 16:00
477;10170;04/01/2016 17:00
478;10172;04/01/2016 20:00
479;10173;04/01/2016 21:00
480;10176;04/01/2016 23:00
481;10177;05/01/2016 00:00
482;10178;05/01/2016 10:00
483;10180;05/01/2016 11:00
484;10181;05/01/2016 13:00
485;10182;05/01/2016 16:00
486;10183;05/01/2016 23:00
487;10184;06/01/2016 03:00
488;10185;06/01/2016 07:00
489;10186;06/01/2016 14:00
490;10188;06/01/2016 17:00
491;10190;06/01/2016 20:00
492;10191;06/01/2016 21:00
493;10192;07/01/2016 02:00
494;10193;07/01/2016 10:00
495;10195;07/01/2016 11:00
496;10196;07/01/2016 12:00
497;10197;07/01/2016 13:00
498;10200;07/01/2016 15:00
499;10201;07/01/2016 16:00
500;10203;07/01/2016 17:00
501;10205;07/01/2016 18:00
502;10206;07/01/2016 20:00
503;10207;07/01/2016 21:00
504;10208;08/01/2016 01:00
505;10210;08/01/2016 12:00
506;10213;08/01/2016 18:00
507;10215;08/01/2016 19:00
508;10218;08/01/2016 20:00
509;10220;08/01/2016 21:00
510;10224;08/01/2016 22:00
511;10227;09/01/2016 00:00
512;10228;09/01/2016 02:00
513;10229;09/01/2016 06:00
514;10230;09/01/2016 11:00
515;10231;09/01/2016 12:00
516;10233;09/01/2016 14:00
517;10234;09/01/2016 16:00
518;10235;09/01/2016 22:00
519;10236;09/01/2016 23:00
520;10237;10/01/2016 00:00
521;10238;10/01/2016 12:00
522;10239;10/01/2016 13:00
523;10241;10/01/2016 18:00
524;10243;10/01/2016 20:00
525;10244;10/01/2016 22:00
526;10245;10/01/2016 23:00
527;10246;11/01/2016 10:00
528;10247;11/01/2016 16:00
529;10248;11/01/2016 18:00
530;10250;11/01/2016 22:00
531;10251;11/01/2016 23:00
532;10252;12/01/2016 03:00
533;10253;12/01/2016 04:00
534;10254;12/01/2016 06:00
535;10255;12/01/2016 09:00
536;10256;12/01/2016 11:00
537;10258;12/01/2016 17:00
538;10261;12/01/2016 19:00
539;10262;12/01/2016 20:00
540;10263;12/01/2016 22:00
541;10264;12/01/2016 23:00
542;10265;13/01/2016 01:00
543;10266;13/01/2016 11:00
544;10267;13/01/2016 15:00
545;10269;13/01/2016 16:00
546;10271;13/01/2016 17:00
547;10272;13/01/2016 18:00
548;10273;14/01/2016 00:00
549;10274;14/01/2016 01:00
550;10275;14/01/2016 10:00
551;10276;14/01/2016 13:00
552;10277;14/01/2016 14:00
553;10279;14/01/2016 15:00
554;10280;14/01/2016 16:00
555;10281;14/01/2016 17:00
556;10282;14/01/2016 19:00
557;10283;14/01/2016 21:00
558;10284;15/01/2016 05:00
559;10285;15/01/2016 09:00
560;10286;15/01/2016 10:00
561;10287;15/01/2016 12:00
562;10288;16/01/2016 00:00
563;10289;16/01/2016 04:00
564;10290;16/01/2016 07:00
565;10291;16/01/2016 09:00
566;10292;17/01/2016 14:00
567;10293;17/01/2016 17:00
568;10294;17/01/2016 20:00
569;10295;17/01/2016 22:00
570;10297;18/01/2016 11:00
571;10298;18/01/2016 23:00
572;10300;19/01/2016 00:00
573;10301;19/01/2016 09:00
574;10302;19/01/2016 12:00
575;10304;19/01/2016 14:00
576;10305;19/01/2016 16:00
577;10310;19/01/2016 19:00
578;10311;19/01/2016 20:00
579;10312;19/01/2016 21:00
580;10313;20/01/2016 15:00
581;10314;20/01/2016 18:00
582;10317;20/01/2016 21:00
583;10318;21/01/2016 00:00
584;10319;21/01/2016 14:00
585;10322;21/01/2016 16:00
586;10323;21/01/2016 17:00
587;10324;22/01/2016 11:00
588;10325;22/01/2016 16:00
589;10326;22/01/2016 21:00
590;10327;23/01/2016 10:00
591;10328;24/01/2016 12:00
592;10329;24/01/2016 16:00
593;10330;24/01/2016 18:00
594;10333;24/01/2016 20:00
595;10335;25/01/2016 01:00
596;10336;25/01/2016 20:00
597;10337;25/01/2016 21:00
598;10338;26/01/2016 08:00
599;10339;26/01/2016 11:00
600;10340;26/01/2016 13:00
601;10342;26/01/2016 19:00
602;10344;26/01/2016 21:00
603;10346;27/01/2016 12:00
604;10347;27/01/2016 22:00
605;10348;28/01/2016 07:00
606;10349;28/01/2016 09:00
607;10351;28/01/2016 11:00
608;10352;28/01/2016 12:00
609;10353;28/01/2016 18:00
610;10355;28/01/2016 19:00
611;10356;28/01/2016 21:00
612;10357;29/01/2016 02:00
613;10358;29/01/2016 14:00
614;10359;29/01/2016 16:00
615;10360;30/01/2016 15:00
616;10361;30/01/2016 19:00
617;10362;30/01/2016 23:00
618;10363;31/01/2016 04:00
619;10362;31/01/2016 08:00
620;10364;31/01/2016 15:00
621;10365;01/02/2016 00:00
622;10366;01/02/2016 01:00
623;10367;01/02/2016 12:00
624;10368;01/02/2016 16:00
625;10369;01/02/2016 17:00
626;10372;01/02/2016 19:00
627;10374;01/02/2016 21:00
628;10375;02/02/2016 00:00
629;10377;02/02/2016 03:00
630;10378;02/02/2016 07:00
631;10379;02/02/2016 15:00
632;10380;02/02/2016 16:00
633;10381;02/02/2016 17:00
634;10383;02/02/2016 18:00
635;10382;02/02/2016 19:00
636;10383;02/02/2016 20:00
637;10384;02/02/2016 21:00
638;10387;02/02/2016 22:00
639;10388;03/02/2016 04:00
640;10390;03/02/2016 15:00
641;10391;03/02/2016 16:00
642;10392;03/02/2016 17:00
643;10394;03/02/2016 18:00
644;10395;03/02/2016 19:00
645;10396;03/02/2016 20:00
646;10398;03/02/2016 23:00
647;10399;04/02/2016 02:00
648;10400;04/02/2016 10:00
649;10402;04/02/2016 11:00
650;10403;04/02/2016 12:00
651;10404;04/02/2016 13:00
652;10405;04/02/2016 14:00
653;10406;04/02/2016 15:00
654;10407;04/02/2016 19:00
655;10408;05/02/2016 00:00
656;10409;05/02/2016 10:00
657;10410;05/02/2016 14:00
658;10411;05/02/2016 15:00
659;10412;05/02/2016 16:00
660;10415;05/02/2016 19:00
661;10417;05/02/2016 21:00
662;10418;06/02/2016 00:00
663;10420;06/02/2016 02:00
664;10421;06/02/2016 03:00
665;10422;06/02/2016 10:00
666;10423;06/02/2016 11:00
667;10424;06/02/2016 18:00
668;10425;06/02/2016 19:00
669;10426;06/02/2016 20:00
670;10427;06/02/2016 21:00
671;10428;07/02/2016 05:00
672;10430;07/02/2016 10:00
673;10431;07/02/2016 11:00
674;10432;07/02/2016 12:00
675;10434;07/02/2016 13:00
676;10436;07/02/2016 14:00
677;10438;07/02/2016 16:00
678;10439;07/02/2016 17:00
679;10440;07/02/2016 18:00
680;10441;07/02/2016 19:00
681;10443;07/02/2016 22:00
682;10442;07/02/2016 23:00
683;10444;08/02/2016 01:00
684;10445;08/02/2016 02:00
685;10446;08/02/2016 11:00
686;10447;08/02/2016 13:00
687;10449;08/02/2016 15:00
688;10450;08/02/2016 17:00
689;10451;08/02/2016 20:00
690;10452;09/02/2016 00:00
691;10454;09/02/2016 11:00
692;10455;09/02/2016 13:00
693;10456;09/02/2016 14:00
694;10457;09/02/2016 15:00
695;10458;09/02/2016 20:00
696;10459;09/02/2016 21:00
697;10460;10/02/2016 17:00
698;10461;10/02/2016 18:00
699;10463;10/02/2016 19:00
700;10467;10/02/2016 21:00
701;10466;10/02/2016 22:00
702;10467;11/02/2016 00:00
703;10468;11/02/2016 05:00
704;10469;11/02/2016 10:00
705;10470;11/02/2016 13:00
706;10471;11/02/2016 15:00
707;10472;11/02/2016 17:00
708;10473;11/02/2016 19:00
709;10477;11/02/2016 20:00
710;10478;11/02/2016 23:00
711;10479;12/02/2016 07:00
712;10480;12/02/2016 17:00
713;10482;12/02/2016 18:00
714;10483;12/02/2016 19:00
715;10484;12/02/2016 21:00
716;10485;13/02/2016 17:00
717;10486;13/02/2016 18:00
718;10488;13/02/2016 19:00
719;10489;13/02/2016 21:00
720;10493;13/02/2016 22:00
721;10494;13/02/2016 23:00
722;10495;14/02/2016 11:00
723;10496;14/02/2016 18:00
724;10497;14/02/2016 19:00
725;10498;15/02/2016 00:00
726;10499;15/02/2016 13:00
727;10500;15/02/2016 15:00
728;10502;15/02/2016 16:00
729;10503;15/02/2016 19:00
730;10504;15/02/2016 20:00
731;10506;15/02/2016 23:00
732;10507;16/02/2016 00:00
733;10508;16/02/2016 09:00
734;10509;16/02/2016 14:00
735;10510;16/02/2016 16:00
736;10511;16/02/2016 18:00
737;10512;17/02/2016 00:00
738;10513;17/02/2016 01:00
739;10515;17/02/2016 08:00
740;10516;17/02/2016 10:00
741;10518;17/02/2016 11:00
742;10519;17/02/2016 13:00
743;10520;17/02/2016 14:00
744;10521;17/02/2016 15:00
745;10523;17/02/2016 17:00
746;10526;17/02/2016 18:00
747;10530;17/02/2016 19:00
748;10534;17/02/2016 20:00
749;10536;17/02/2016 21:00
750;10539;18/02/2016 00:00
751;10540;18/02/2016 11:00
752;10541;18/02/2016 14:00
753;10543;18/02/2016 15:00
754;10544;18/02/2016 16:00
755;10547;18/02/2016 18:00
756;10548;18/02/2016 19:00
757;10550;18/02/2016 22:00
758;10551;19/02/2016 09:00
759;10552;19/02/2016 10:00
760;10553;19/02/2016 13:00
761;10554;19/02/2016 14:00
762;10555;19/02/2016 15:00
763;10556;19/02/2016 16:00
764;10557;19/02/2016 18:00
765;10558;19/02/2016 19:00
766;10559;19/02/2016 20:00
767;10561;19/02/2016 22:00
768;10562;19/02/2016 23:00
769;10563;20/02/2016 10:00
770;10564;20/02/2016 14:00
771;10565;20/02/2016 16:00
772;10566;20/02/2016 19:00
773;10567;20/02/2016 22:00
774;10568;21/02/2016 02:00
775;10569;21/02/2016 04:00
776;10570;21/02/2016 08:00
777;10571;21/02/2016 11:00
778;10572;21/02/2016 13:00
779;10574;21/02/2016 19:00
780;10576;21/02/2016 21:00
781;10577;21/02/2016 22:00
782;10578;22/02/2016 03:00
783;10579;22/02/2016 05:00
784;10580;22/02/2016 08:00
785;10582;22/02/2016 09:00
786;10583;22/02/2016 11:00
787;10584;22/02/2016 15:00
788;10585;22/02/2016 16:00
789;10586;22/02/2016 17:00
790;10587;22/02/2016 19:00
791;10588;22/02/2016 23:00
792;10589;23/02/2016 01:00
793;10590;23/02/2016 09:00
794;10591;23/02/2016 12:00
795;10592;23/02/2016 17:00
796;10595;23/02/2016 18:00
797;10596;23/02/2016 19:00
798;10597;23/02/2016 20:00
799;10598;23/02/2016 21:00
800;10599;24/02/2016 00:00
801;10600;24/02/2016 01:00
802;10602;24/02/2016 13:00
803;10604;24/02/2016 14:00
804;10606;24/02/2016 18:00
805;10607;24/02/2016 21:00
806;10608;25/02/2016 11:00
807;10609;25/02/2016 14:00
808;10610;25/02/2016 15:00
809;10611;25/02/2016 17:00
810;10612;25/02/2016 20:00
811;10613;26/02/2016 00:00
812;10614;26/02/2016 15:00
813;10615;26/02/2016 18:00
814;10616;26/02/2016 19:00
815;10617;26/02/2016 20:00
816;10618;27/02/2016 04:00
817;10619;27/02/2016 10:00
818;10622;27/02/2016 14:00
819;10623;27/02/2016 17:00
820;10624;27/02/2016 18:00
821;10625;27/02/2016 21:00
822;10626;27/02/2016 22:00
823;10628;28/02/2016 13:00
824;10629;28/02/2016 15:00
825;10630;28/02/2016 16:00
826;10631;28/02/2016 18:00
827;10632;28/02/2016 20:00
828;10633;28/02/2016 21:00
829;10634;28/02/2016 23:00
830;10635;29/02/2016 00:00
831;10636;29/02/2016 06:00
832;10637;29/02/2016 12:00
833;10639;29/02/2016 15:00
834;10641;29/02/2016 18:00
835;10643;29/02/2016 21:00
836;10644;01/03/2016 12:00
837;10647;01/03/2016 21:00
838;10648;02/03/2016 12:00
839;10650;02/03/2016 18:00
840;10651;02/03/2016 20:00
841;10652;02/03/2016 21:00
842;10653;02/03/2016 23:00
843;10654;03/03/2016 06:00
844;10655;03/03/2016 16:00
845;10656;03/03/2016 17:00
846;10657;03/03/2016 22:00
847;10658;04/03/2016 01:00
848;10659;04/03/2016 14:00
849;10660;04/03/2016 15:00
850;10661;04/03/2016 19:00
851;10662;04/03/2016 23:00
852;10663;05/03/2016 01:00
853;10664;05/03/2016 06:00
854;10665;05/03/2016 10:00
855;10668;05/03/2016 11:00
856;10669;05/03/2016 12:00
857;10670;05/03/2016 13:00
858;10671;05/03/2016 14:00
859;10672;05/03/2016 16:00
860;10674;05/03/2016 18:00
861;10675;05/03/2016 20:00
862;10676;05/03/2016 21:00
863;10675;05/03/2016 23:00
864;10676;06/03/2016 09:00
865;10677;06/03/2016 13:00
866;10678;06/03/2016 14:00
867;10679;06/03/2016 18:00
868;10680;06/03/2016 22:00
869;10681;06/03/2016 23:00
870;10682;07/03/2016 00:00
871;10683;07/03/2016 11:00
872;10685;07/03/2016 15:00
873;10686;07/03/2016 19:00
874;10687;07/03/2016 23:00
875;10688;08/03/2016 13:00
876;10689;08/03/2016 16:00
877;10691;08/03/2016 18:00
878;10692;08/03/2016 19:00
879;10693;08/03/2016 21:00
880;10694;08/03/2016 23:00
881;10695;09/03/2016 01:00
882;10696;09/03/2016 09:00
883;10698;09/03/2016 13:00
884;10699;09/03/2016 15:00
885;10700;09/03/2016 16:00
886;10701;09/03/2016 17:00
887;10702;09/03/2016 21:00
888;10703;10/03/2016 11:00
889;10706;10/03/2016 16:00
890;10710;10/03/2016 17:00
891;10714;10/03/2016 18:00
892;10716;10/03/2016 20:00
893;10717;10/03/2016 21:00
894;10716;10/03/2016 23:00
895;10717;11/03/2016 07:00
896;10718;11/03/2016 21:00
897;10719;11/03/2016 22:00
898;10721;12/03/2016 02:00
899;10722;12/03/2016 17:00
900;10723;12/03/2016 18:00
901;10724;12/03/2016 20:00
902;10727;12/03/2016 22:00
903;10728;12/03/2016 23:00
904;10730;13/03/2016 00:00
905;10731;13/03/2016 01:00
906;10732;13/03/2016 10:00
907;10733;13/03/2016 14:00
908;10734;13/03/2016 16:00
909;10735;13/03/2016 19:00
910;10737;13/03/2016 22:00
911;10738;14/03/2016 01:00
912;10740;14/03/2016 12:00
913;10741;14/03/2016 14:00
914;10742;14/03/2016 16:00
915;10743;14/03/2016 18:00
916;10745;14/03/2016 22:00
917;10746;15/03/2016 03:00
918;10747;15/03/2016 13:00
919;10750;15/03/2016 16:00
920;10752;15/03/2016 17:00
921;10754;16/03/2016 00:00
922;10755;16/03/2016 13:00
923;10756;16/03/2016 14:00
924;10758;16/03/2016 15:00
925;10759;16/03/2016 17:00
926;10761;16/03/2016 18:00
927;10764;16/03/2016 21:00
928;10765;16/03/2016 22:00
929;10766;17/03/2016 12:00
930;10767;17/03/2016 13:00
931;10768;17/03/2016 15:00
932;10769;17/03/2016 22:00
933;10772;18/03/2016 07:00
934;10774;18/03/2016 14:00
935;10775;19/03/2016 13:00
936;10777;19/03/2016 14:00
937;10778;19/03/2016 16:00
938;10779;20/03/2016 09:00
939;10781;20/03/2016 19:00
940;10783;20/03/2016 22:00
941;10784;21/03/2016 22:00
942;10785;22/03/2016 00:00
943;10786;22/03/2016 09:00
944;10787;22/03/2016 12:00
945;10788;22/03/2016 14:00
946;10789;22/03/2016 19:00
947;10790;22/03/2016 20:00
948;10791;22/03/2016 22:00
949;10792;23/03/2016 05:00
950;10794;23/03/2016 22:00
951;10796;24/03/2016 14:00
952;10797;24/03/2016 17:00
953;10798;24/03/2016 18:00
954;10799;24/03/2016 19:00
955;10800;24/03/2016 21:00
956;10801;24/03/2016 22:00
957;10802;25/03/2016 10:00
958;10803;25/03/2016 11:00
959;10804;25/03/2016 12:00
960;10805;25/03/2016 14:00
961;10806;25/03/2016 15:00
962;10807;25/03/2016 17:00
963;10809;25/03/2016 22:00
964;10810;25/03/2016 23:00
965;10811;26/03/2016 00:00
966;10812;26/03/2016 03:00
967;10813;27/03/2016 01:00
968;10814;27/03/2016 03:00
969;10815;27/03/2016 08:00
970;10816;27/03/2016 09:00
971;10817;27/03/2016 11:00
972;10818;27/03/2016 16:00
973;10819;27/03/2016 18:00
974;10820;28/03/2016 13:00
975;10821;28/03/2016 17:00
976;10823;28/03/2016 20:00
977;10824;29/03/2016 12:00
978;10825;29/03/2016 18:00
979;10824;30/03/2016 08:00
980;10825;30/03/2016 12:00
981;10826;30/03/2016 13:00
982;10828;30/03/2016 21:00
983;10832;30/03/2016 22:00
984;10833;31/03/2016 08:00
985;10834;31/03/2016 10:00
986;10835;31/03/2016 11:00
987;10836;31/03/2016 21:00
988;10839;01/04/2016 11:00
989;10841;01/04/2016 12:00
990;10842;01/04/2016 15:00
991;10843;01/04/2016 19:00
992;10846;01/04/2016 20:00
993;10848;01/04/2016 22:00
994;10850;01/04/2016 23:00
995;10851;02/04/2016 00:00
996;10853;02/04/2016 14:00
997;10854;02/04/2016 16:00
998;10855;03/04/2016 01:00
999;10856;03/04/2016 17:00
1000;10857;03/04/2016 21:00
1001;10858;05/04/2016 10:00
1002;10860;05/04/2016 12:00
1003;10861;05/04/2016 14:00
1004;10862;05/04/2016 19:00
1005;10863;06/04/2016 03:00
1006;10864;07/04/2016 18:00
1007;10867;07/04/2016 22:00
1008;10868;07/04/2016 23:00
1009;10869;09/04/2016 13:00
1010;10870;09/04/2016 14:00
1011;10871;10/04/2016 05:00
1012;10872;10/04/2016 17:00
1013;10873;11/04/2016 00:00
1014;10874;11/04/2016 11:00
1015;10875;11/04/2016 12:00
1016;10876;11/04/2016 15:00
1017;10877;11/04/2016 20:00
1018;10878;12/04/2016 01:00
1019;10879;12/04/2016 08:00
1020;10881;12/04/2016 21:00
1021;10883;13/04/2016 12:00
1022;10885;13/04/2016 16:00
1023;10886;13/04/2016 17:00
1024;10887;13/04/2016 19:00
1025;10888;13/04/2016 20:00
1026;10890;13/04/2016 22:00
1027;10891;14/04/2016 03:00
1028;10892;14/04/2016 15:00
1029;10895;14/04/2016 16:00
1030;10896;14/04/2016 19:00
1031;10898;14/04/2016 20:00
1032;10899;15/04/2016 08:00
1033;10900;15/04/2016 10:00
1034;10901;15/04/2016 23:00
1035;10902;16/04/2016 08:00
1036;10904;16/04/2016 15:00
1037;10905;16/04/2016 16:00
1038;10906;16/04/2016 17:00
1039;10907;16/04/2016 21:00
1040;10908;16/04/2016 23:00
1041;10909;17/04/2016 12:00
1042;10911;17/04/2016 18:00
1043;10913;17/04/2016 23:00
1044;10914;18/04/2016 12:00
1045;10913;18/04/2016 16:00
1046;10912;18/04/2016 18:00
1047;10913;18/04/2016 20:00
1048;10914;18/04/2016 21:00
1049;10915;18/04/2016 23:00
1050;10916;19/04/2016 01:00
1051;10918;19/04/2016 12:00
1052;10917;19/04/2016 13:00
1053;10918;19/04/2016 20:00
1054;10920;19/04/2016 21:00
1055;10921;20/04/2016 10:00
1056;10922;20/04/2016 17:00
1057;10925;20/04/2016 20:00
1058;10926;20/04/2016 21:00
1059;10927;20/04/2016 22:00
1060;10928;20/04/2016 23:00
1061;10929;21/04/2016 02:00
1062;10930;21/04/2016 12:00
1063;10931;21/04/2016 18:00
1064;10932;21/04/2016 19:00
1065;10933;21/04/2016 23:00
1066;10934;22/04/2016 05:00
1067;10935;22/04/2016 07:00
1068;10936;22/04/2016 11:00
1069;10938;22/04/2016 14:00
1070;10939;22/04/2016 16:00
1071;10940;22/04/2016 19:00
1072;10941;22/04/2016 21:00
1073;10943;23/04/2016 02:00
1074;10944;23/04/2016 10:00
1075;10946;23/04/2016 12:00
1076;10947;23/04/2016 14:00
1077;10948;24/04/2016 06:00
1078;10949;24/04/2016 12:00
1079;10950;24/04/2016 13:00
1080;10953;24/04/2016 15:00
1081;10955;24/04/2016 18:00
1082;10956;24/04/2016 19:00
1083;10957;25/04/2016 00:00
1084;10958;25/04/2016 11:00
1085;10959;25/04/2016 12:00
1086;10960;25/04/2016 13:00
1087;10962;25/04/2016 19:00
1088;10963;25/04/2016 20:00
1089;10964;25/04/2016 23:00
1090;10965;26/04/2016 00:00
1091;10966;26/04/2016 18:00
1092;10967;26/04/2016 20:00
1093;10968;27/04/2016 08:00
1094;10969;27/04/2016 11:00
1095;10970;27/04/2016 12:00
1096;10971;28/04/2016 14:00
1097;10972;28/04/2016 19:00
1098;10973;28/04/2016 20:00
1099;10974;28/04/2016 23:00
1100;10975;29/04/2016 10:00
1101;10976;29/04/2016 12:00
1102;10977;29/04/2016 20:00
1103;10979;30/04/2016 09:00
1104;10981;30/04/2016 13:00
1105;10982;01/05/2016 15:00
1106;10983;01/05/2016 17:00
1107;10984;01/05/2016 18:00
1108;10985;01/05/2016 20:00
1109;10986;01/05/2016 22:00
1110;10987;02/05/2016 00:00
1111;10988;02/05/2016 10:00
1112;11004;05/05/2016 08:00
1113;11006;05/05/2016 12:00
1114;11007;05/05/2016 17:00
1115;11008;05/05/2016 20:00
1116;11009;06/05/2016 10:00
1117;11010;06/05/2016 14:00
1118;11011;06/05/2016 21:00
1119;11012;07/05/2016 11:00
1120;11013;07/05/2016 12:00
1121;11014;07/05/2016 13:00
1122;11015;07/05/2016 15:00
1123;11016;07/05/2016 17:00
1124;11017;07/05/2016 22:00
1125;11020;08/05/2016 11:00
1126;11021;08/05/2016 13:00
1127;11022;08/05/2016 14:00
1128;11023;08/05/2016 16:00
1129;11025;08/05/2016 18:00
1130;11026;08/05/2016 22:00
1131;11027;09/05/2016 00:00
1132;11028;09/05/2016 15:00
1133;11029;09/05/2016 18:00
1134;11030;09/05/2016 19:00
1135;11031;10/05/2016 14:00
1136;11032;10/05/2016 17:00
1137;11033;10/05/2016 18:00
1138;11034;10/05/2016 21:00
1139;11035;10/05/2016 22:00
1140;11036;10/05/2016 23:00
1141;11037;11/05/2016 05:00
1142;11036;11/05/2016 18:00
1143;11037;11/05/2016 22:00
1144;11038;12/05/2016 13:00
1145;11039;12/05/2016 14:00
1146;11042;12/05/2016 15:00
1147;11043;12/05/2016 18:00
1148;11045;12/05/2016 19:00
1149;11046;13/05/2016 01:00
1150;11048;13/05/2016 13:00
1151;11049;13/05/2016 15:00
1152;11050;14/05/2016 08:00
1153;11051;14/05/2016 10:00
1154;11052;14/05/2016 22:00
1155;11055;15/05/2016 12:00
1156;11056;15/05/2016 13:00
1157;11058;15/05/2016 16:00
1158;11059;15/05/2016 18:00
1159;11060;16/05/2016 11:00
1160;11061;16/05/2016 15:00
1161;11062;16/05/2016 17:00
1162;11063;16/05/2016 23:00
1163;11064;17/05/2016 12:00
1164;11065;17/05/2016 14:00
1165;11066;17/05/2016 20:00
1166;11067;17/05/2016 23:00
1167;11068;18/05/2016 07:00
1168;11069;18/05/2016 12:00
1169;11071;18/05/2016 20:00
1170;11072;18/05/2016 23:00
1171;11073;19/05/2016 08:00
1172;11074;19/05/2016 12:00
1173;11075;19/05/2016 13:00
1174;11076;19/05/2016 14:00
1175;11077;19/05/2016 15:00
1176;11078;19/05/2016 22:00
1177;11079;19/05/2016 23:00
1178;11080;20/05/2016 19:00
1179;11082;20/05/2016 21:00
1180;11083;21/05/2016 04:00
1181;11084;21/05/2016 19:00
1182;11086;21/05/2016 21:00
1183;11087;21/05/2016 23:00
1184;11088;22/05/2016 01:00
1185;11089;22/05/2016 14:00
